SFR [Msun / yr],Stellar Metallicity [Mz/Mtot]
14.509705,0.012480934
0.26106513,0.0061913216
0.5078292,0.0055111186
0.0,0.005778818
0.0,0.0056214924
0.50834996,0.0042236303
0.42565426,0.0048284917
0.13803293,0.0062547517
0.3468862,0.011221335
29.55609,0.076027825
0.0,0.030774891
0.0,0.017716458
0.0,0.00908203
0.0,0.018126503
0.47099948,0.005599067
0.75207454,0.005298351
0.55484194,0.005543252
1.7837014,0.013788324
0.0,0.016440783
0.10521752,0.0050729974
0.85266083,0.005498094
0.0,0.010297887
1.6101689,0.003912841
0.7439717,0.00473085
0.76670074,0.0045329174
3.1245985,0.0036970116
0.5622749,0.004606644
0.0,0.020928599
0.2015027,0.005091495
0.0037167259,0.0063265013
0.09701387,0.006628524
0.0,0.042077757
0.0,0.007452573
0.41897914,0.0055083963
0.18086128,0.0058801877
0.5970093,0.0041247676
1.132392,0.005380906
0.15060094,0.005122726
0.016687553,0.008217474
0.0,0.0074799866
0.0,0.007865444
0.42853567,0.0056717647
0.72789073,0.003068279
0.0,0.0067017823
0.0,0.026575664
0.0,0.0057046274
0.4645261,0.0042046877
0.7785796,0.0048099956
0.22141494,0.0045573898
0.539668,0.004855342
0.4230663,0.0052316277
0.0,0.0135493
0.80423105,0.005051265
0.3672087,0.0027255577
0.5104398,0.0042841537
0.24191377,0.0064244666
0.039944794,0.006447581
5.536001,0.006791593
0.0,0.005993098
0.0,0.008274266
0.0020420174,0.007468079
0.31954628,0.004428627
1.575301,0.006888602
0.48755953,0.005235284
0.23929697,0.00578559
0.6616558,0.0063583017
2.3872547,0.0030768896
0.63046676,0.004039307
0.1071811,0.0062419376
0.5582865,0.0049085217
0.2876674,0.004901336
0.0,0.010654008
0.56965494,0.0053694043
0.12076745,0.0057317293
0.64898807,0.004128645
0.78747785,0.0050657843
0.30541557,0.0047116084
0.38046104,0.005115808
0.0,0.0072705164
0.523605,0.004822368
0.20077395,0.009844834
43.636997,0.050870158
0.0,0.005388266
0.30536726,0.005493343
0.12128235,0.0066884933
0.0,0.019460166
0.35479638,0.0037331686
0.106567174,0.016528852
0.25150385,0.006107592
0.09228771,0.0061232178
0.42942137,0.0050219586
0.0,0.03296987
0.0,0.013840943
0.40355015,0.0040154206
0.51484287,0.0033228628
2.2727394,0.0019618964
0.21129104,0.005534395
0.62776226,0.009972319
1.5026286,0.005540739
0.34220776,0.005181771
1.2247962,0.005094963
0.12777872,0.0063781
1.1122065,0.0040462273
0.46711943,0.012288657
0.6010142,0.004247442
3.2605762,0.0030419473
0.47433203,0.0037876791
0.25423622,0.0050302665
8.137352,0.012507114
0.3167381,0.0057673026
0.4331593,0.006066623
1.6183214,0.012136327
0.0063135787,0.0057886927
0.6466775,0.0039800582
0.47138143,0.0044926456
1.1312635,0.0048058936
0.65336937,0.004815612
0.0,0.0054187407
0.094434425,0.005165877
0.6783108,0.004403598
0.0077820458,0.007847585
0.24548757,0.0049883556
0.66530854,0.0052142283
0.6617067,0.00461925
0.9443447,0.006518671
0.3371136,0.004549654
0.05408068,0.007266029
0.038020603,0.0058188373
0.08298753,0.005470832
12.745737,0.01042421
0.26855695,0.005458523
0.72653,0.005626794
0.56926316,0.005042015
0.2552165,0.0052631716
0.96459264,0.004141526
0.21532983,0.005778261
12.139746,0.08576846
0.40709686,0.0064562997
0.5768598,0.0032665485
0.62705606,0.0053335726
0.078790195,0.0076354565
0.78072387,0.00357175
0.25804314,0.004923061
0.26813045,0.004226166
0.24657044,0.005701523
0.30546004,0.009254921
0.0,0.006013826
9.663325,0.008446714
0.4384833,0.0057290643
0.0,0.0071012815
0.6222173,0.004203142
1.1738886,0.0037047567
0.0,0.007693509
8.633096,0.004816242
1.8035872,0.005087176
5.8143,0.014417972
0.0,0.008811415
0.8441416,0.0040646256
0.9297296,0.0061563454
0.2433972,0.0056276917
0.0,0.004746317
0.50611013,0.0076561593
0.21453677,0.00712175
0.9065286,0.00467791
2.3298855,0.0055173067
0.111830704,0.00604166
0.2864399,0.0055016754
0.48989856,0.011417976
0.43556586,0.005545956
0.28554744,0.005481467
0.19714132,0.0062613995
0.0,0.014206152
0.0,0.009120297
0.07165577,0.0063948487
0.30099472,0.0045704516
0.0,0.0062193633
0.07204189,0.005732523
0.29219413,0.0033164755
0.22716993,0.00654135
0.020180404,0.009736357
0.54995465,0.005804948
1.0713037,0.005812676
0.3325199,0.004990753
0.28066254,0.0049433983
0.58551687,0.0034008035
0.28428853,0.0050662616
0.6624605,0.0037313038
0.43266532,0.0045734816
0.19803272,0.0060659377
0.52820456,0.005587761
0.13703957,0.004817444
0.20809452,0.0058221975
0.4053526,0.006160998
0.3173409,0.009269262
0.22847809,0.0064133354
0.0,0.05419342
0.0,0.0077979616
0.0,0.017457979
0.730332,0.0051667253
0.029330013,0.0071276324
0.90357286,0.003866163
10.089275,0.020966051
0.79676336,0.008262006
0.30714846,0.005853625
1.254684,0.0019838184
0.038521044,0.006583638
0.89355195,0.00324548
0.2571953,0.0057884003
0.21005036,0.0051155873
0.0,0.006919457
0.6496042,0.0038473695
0.0,0.0069934824
0.0,0.008098653
0.46189463,0.004493875
0.0,0.006224661
2.119541,0.0057934234
0.3315017,0.0042587933
0.38231206,0.0047305725
0.13377997,0.0054455865
0.41459525,0.0041916007
0.08936356,0.007914419
0.16297147,0.005978182
0.7405228,0.0048368075
0.3453637,0.0054036253
5.7028136,0.0055168965
0.3132266,0.0044514732
0.418574,0.0047815065
0.8549498,0.0054746787
0.8031028,0.0058636605
0.3967103,0.005183961
0.69055766,0.0042728293
0.4959953,0.00500221
0.91756195,0.003346139
0.36469337,0.004802997
0.7454119,0.006434022
0.358554,0.004507696
0.94465363,0.0054033645
0.29916406,0.008640736
2.0398607,0.0053767464
0.5721353,0.004086322
0.5797145,0.005304852
3.2121918,0.01872494
0.20339465,0.0065973243
1.4891614,0.019283924
0.76195467,0.0033501892
0.0,0.017863857
0.4053253,0.0047761165
0.8462798,0.004035746
0.8258897,0.003987115
0.12679566,0.005117197
0.569029,0.0055351774
0.37337366,0.0046717953
0.43953818,0.00442834
0.7478899,0.006874611
0.1319419,0.007042628
0.123741835,0.0057525267
0.9933654,0.0053330213
0.35508537,0.0053261775
0.18232214,0.006774993
0.30550292,0.0056389663
0.75177956,0.0048609013
1.0739111,0.005451523
0.7335914,0.0042245896
0.4820383,0.005017546
0.30980873,0.005622712
0.31005862,0.0056525515
0.766712,0.004948287
0.3764794,0.0052811485
1.1938416,0.0033426278
0.9894013,0.0036287473
0.27641535,0.005919594
0.3475557,0.0046180934
0.3999691,0.0042440435
0.17339851,0.0050022504
0.4454196,0.004785246
0.60465014,0.0046897796
0.2623272,0.005928308
0.21928836,0.0054226397
0.5369019,0.0032408878
0.87968254,0.0087919235
0.82231444,0.0046256124
0.52098465,0.0048047714
0.27914545,0.0047540013
0.45781505,0.0061923102
0.4425049,0.0068644322
0.3730931,0.005822259
0.36094582,0.006124846
0.52492225,0.00549486
0.2827365,0.0057909824
0.39576542,0.005268479
0.39311194,0.0040703868
0.36666593,0.004949639
0.57238483,0.004850722
0.055129852,0.007157547
1.1850246,0.0031242461
0.5139869,0.0046301377
0.34917954,0.005857388
0.55287933,0.004516778
0.10149951,0.0067577856
0.54199916,0.005418233
5.0970707,0.016875217
0.0894653,0.006745716
0.8147562,0.0056094974
0.19350976,0.0066802665
0.51022196,0.004720078
0.29215732,0.0054030083
0.8327117,0.005428247
0.48648775,0.0057610264
0.88273376,0.0064142183
0.3124276,0.005966607
0.54149663,0.004645575
0.58314973,0.004308538
0.06848813,0.006038558
0.53091264,0.0066249454
1.466463,0.0112006245
0.68334776,0.004860875
0.6077195,0.0049279463
0.29697093,0.0059664613
0.12568201,0.0069950316
4.3735695,0.0042154565
0.46089512,0.0063855737
0.813796,0.00677724
0.44759363,0.0057887402
1.0735106,0.0052865706
0.6006092,0.0054518096
0.41146073,0.0060457624
0.027231092,0.009719087
0.43575847,0.007539624
0.8073502,0.004850485
0.52462506,0.004791401
0.9771512,0.006337167
0.17715363,0.0058771838
0.48293698,0.0056828014
0.29672635,0.006050096
0.5379756,0.0060576843
0.5065078,0.0044975267
0.38726056,0.0046639
0.421986,0.0053836913
0.8356747,0.0031749995
0.99052835,0.0040205084
0.25938028,0.0052272584
0.27346316,0.0051355027
0.4079125,0.0050232443
0.8454885,0.0031638453
0.8125829,0.0057553146
0.3976561,0.0052216104
0.77168375,0.0055973656
0.61701185,0.004005246
0.70989066,0.0028817109
0.24017031,0.007331175
0.23470435,0.009736279
0.5089156,0.004617212
0.33040288,0.005327144
0.24792428,0.004853868
0.6068091,0.0056329053
0.8445007,0.0046256827
1.2610132,0.00834898
0.4678022,0.0037032056
1.4450568,0.020534182
0.47859365,0.0058415593
0.2537796,0.008050223
0.20676193,0.0060637025
0.01754443,0.013810044
0.92939526,0.008047742
0.53911924,0.0044516493
2.9725883,0.00579957
1.989518,0.0032962011
0.51518893,0.005284965
0.5628888,0.004439629
0.5435221,0.0035414211
4.5685315,0.0067929383
2.7705462,0.010901848
0.81470215,0.005829337
2.7566884,0.0068012737
0.4224857,0.005925138
0.09207049,0.007423485
1.4087908,0.0016162974
0.0,0.0066850604
0.19054204,0.0055103423
0.80765694,0.003979117
0.5658327,0.0051875995
1.0457652,0.004071669
0.15273593,0.006263555
0.5542723,0.0052776146
1.0923883,0.0025672356
0.37434182,0.0039601605
0.7367548,0.004437648
0.8887739,0.0026841008
0.6080241,0.0046433024
1.1422433,0.022185521
0.5718027,0.005470746
0.50625724,0.0046782186
0.48268533,0.005998363
0.93950003,0.0060007735
0.34228703,0.006777568
0.42369422,0.005725336
0.5415195,0.005722698
0.78103685,0.0052633635
0.0,0.0066818646
1.1302773,0.0041907537
0.31405386,0.0053007496
0.0618475,0.007648329
1.7787923,0.0090923095
1.405842,0.00438331
1.5382547,0.0070856926
0.89420426,0.0037587287
0.996771,0.0063931188
0.40959176,0.006328384
0.22693902,0.0063575674
0.952011,0.0020994253
0.67554015,0.005139157
0.73804885,0.0044948678
0.41224182,0.0057481276
0.39244965,0.0059097703
0.85174227,0.0032493027
0.39123344,0.004657422
0.5882013,0.0062753703
0.33079278,0.005102438
0.25287503,0.0053765057
0.5618878,0.0024071662
1.0398009,0.0077074454
0.6173565,0.003654587
0.33446774,0.005598988
0.485599,0.0045504817
0.78973114,0.0033288365
0.40496242,0.006099626
1.9141163,0.0053899935
0.38548928,0.0057991543
0.24131231,0.0055571953
0.38960147,0.004221676
0.29756898,0.0047652456
0.259831,0.0066983313
0.40090516,0.004938977
0.46845633,0.004859386
0.71996707,0.0042658537
0.5911774,0.00522926
1.1271399,0.0032665017
0.68828946,0.003395441
0.22631232,0.0061489083
2.7582796,0.010204271
1.3073524,0.0020676826
0.7955599,0.003947031
0.7680018,0.0054901387
0.81925213,0.0031359913
0.68448335,0.004969026
0.8719592,0.0071412246
0.80507517,0.0063101444
0.24536784,0.004701079
1.1257002,0.004532135
0.5528727,0.005609418
0.55998206,0.0032646623
0.19462833,0.004847989
0.26172835,0.006036673
0.26493073,0.0042378427
0.2680029,0.0049270033
0.72447425,0.0031290883
0.6155186,0.005351962
0.6562147,0.0050822883
0.4936695,0.005062596
0.9318848,0.0034989817
0.6966363,0.004399336
0.39934218,0.0057590967
0.25180122,0.006799136
1.3421763,0.013179783
1.3709055,0.008183654
0.8375932,0.0044913
1.0777277,0.004266281
0.78802806,0.0063913506
0.46245104,0.005296569
0.38410768,0.0049839155
0.21737821,0.0056210463
0.70127153,0.005261187
0.31958327,0.0056379265
0.23815359,0.0074402955
0.63607025,0.0041343705
0.53288054,0.0050905924
0.20263572,0.005792762
1.9891349,0.006890488
0.2810949,0.005765069
0.7879125,0.0039205337
0.90454024,0.006539957
0.49514493,0.0044640787
0.97333807,0.0048551415
0.789442,0.0052338354
0.2818188,0.0037899702
0.7659969,0.0041630506
1.2551267,0.0070218863
1.9656327,0.0078228
1.5009964,0.0069925794
0.44490594,0.0067165126
0.7661118,0.0052265157
0.23673034,0.0055010957
0.9611188,0.0042750114
0.4116946,0.005912228
0.6807312,0.0046104244
0.39743695,0.006289798
2.2921662,0.010991952
0.91054,0.004302529
1.0114832,0.0052914727
1.5479844,0.0024215786
0.367057,0.0045834724
0.5158131,0.0051796706
0.57148063,0.005230878
0.3607747,0.004454179
0.6754994,0.0038169734
0.47509065,0.0048890137
0.2202988,0.0049298247
0.6206647,0.0041316245
0.35833684,0.0072152126
0.24222977,0.005227883
0.3963971,0.006220958
0.9697701,0.0032635077
0.7334954,0.0035722489
0.8915413,0.0038469082
0.5557424,0.00590289
0.45078665,0.0043356055
0.32544616,0.0047296183
0.46018615,0.004567326
0.5514286,0.0049877698
0.5053974,0.003958735
0.44596905,0.0058963723
0.39372918,0.00441288
0.38709614,0.005258469
0.73008156,0.0049166633
1.2027649,0.0032233035
0.31994158,0.0051652812
0.3944646,0.005064165
0.6739744,0.003853241
0.48158234,0.0042767893
0.28810573,0.0033137263
0.38915938,0.0048101903
0.57131416,0.0043938374
0.61928445,0.00438193
1.0749731,0.0042913225
0.70881605,0.005062432
1.1651077,0.0058775726
0.3840524,0.00457421
0.41152424,0.004669167
0.18266235,0.005107657
0.5195495,0.003927403
0.6414165,0.004864019
0.5409333,0.004774724
0.47461763,0.007105909
0.66060466,0.005037166
0.82766956,0.004475658
0.70207953,0.004011449
0.6054248,0.005243705
0.2723429,0.0056433384
0.27838668,0.00847512
0.40225366,0.0047168965
0.51397216,0.006421916
0.2549298,0.005104839
0.21770817,0.0050769206
0.56109893,0.0028452368
0.22002865,0.005015558
0.7622734,0.005049287
0.8935877,0.0047637317
0.5411282,0.0044088145
0.67821634,0.0065213265
0.56697714,0.0044672056
0.33053342,0.004249421
0.4385993,0.0059765293
0.6241982,0.0043127947
0.8744702,0.0061210357
0.6606046,0.004435912
1.5538452,0.0029149
0.6156781,0.0044265706
0.54074967,0.006979651
0.6509324,0.0059010573
0.7964145,0.0038214915
0.60286146,0.004342732
0.31747073,0.0048099626
1.5372928,0.003162129
0.35382035,0.0051968107
0.7486108,0.0034960294
0.6708005,0.004650704
0.6097008,0.0037071907
0.6550852,0.0040465547
0.55676377,0.0057755006
0.62279856,0.005520426
0.5090474,0.0054644956
0.5095793,0.0030486947
0.45081785,0.004044873
0.6526915,0.005874746
0.36100477,0.004412824
0.6308279,0.0049637025
0.5246155,0.003439627
0.75594014,0.0034836147
0.5895722,0.0059967563
0.36227918,0.0038606592
0.68504274,0.0039368263
0.35277033,0.0043294984
0.36812642,0.0031237483
0.34770444,0.005337901
0.4467975,0.006073374
1.0950089,0.0033075318
0.55154145,0.0032925345
0.37958866,0.0038319624
1.0635471,0.0049072793
0.6174205,0.002550329
0.7708766,0.006157621
0.2934927,0.00501958
0.6382904,0.0045557823
0.5248373,0.002233469
0.6476206,0.0043922174
0.5197552,0.005358925
0.58586216,0.004252864
0.3883912,0.0072978833
0.5749226,0.003498398
0.3331081,0.006931541
0.40779865,0.005593978
0.31875324,0.0057326434
0.3120837,0.0050478913
0.23595385,0.004963528
0.53958994,0.0038801508
0.40227094,0.0042801034
0.4735942,0.0048343004
0.54267913,0.0043271286
1.027525,0.0036433302
0.41731998,0.006829897
0.65166754,0.00461921
0.6918786,0.0052443002
0.7576812,0.0033435763
0.59232634,0.005533843
0.45917106,0.004716022
0.20544547,0.0050101904
0.3967124,0.006076931
0.80228573,0.0035145232
0.28484675,0.005795602
0.5360254,0.004381473
0.54556805,0.0045076464
0.58713526,0.0041952883
0.8623555,0.003824614
0.41185936,0.0035109415
0.6846313,0.005464969
0.31000915,0.005645894
0.34036416,0.005140408
1.2208234,0.001918516
0.68530005,0.0051086196
0.30855462,0.0040259906
1.0710554,0.0037735759
0.8192851,0.006410537
0.604826,0.004429787
0.8047696,0.004501498
0.21232621,0.0057262303
0.5256828,0.007400014
0.49658635,0.005830647
0.32783172,0.005238679
0.40271977,0.00513784
1.0378901,0.0047456133
0.42025143,0.0060166814
0.2100407,0.0055196113
0.37059683,0.0044275443
0.6017508,0.006668142
0.797707,0.0044996943
0.40977842,0.0057134177
0.66640645,0.005148142
0.22058876,0.004079768
0.47203434,0.0053631426
0.3551096,0.0059970287
0.6319751,0.005571412
0.8324014,0.0048612924
0.59407943,0.005200558
0.50113714,0.005858435
0.4052258,0.004217959
0.7206415,0.0024756128
0.7734479,0.004545022
0.38906777,0.0029564386
0.33513945,0.0051573594
1.0173314,0.0042907647
0.56035674,0.0033613248
0.76085126,0.005560305
0.5215231,0.004272206
0.43133122,0.0039481767
0.35186946,0.0017735877
0.7164602,0.005427542
0.20751895,0.0056998627
0.40989318,0.003610113
0.4279119,0.004830597
0.4675741,0.005441901
0.21906884,0.004673175
0.36617464,0.0052481056
0.8899501,0.0057210135
0.45330617,0.0052450853
0.40256163,0.0058300463
0.40850374,0.004954385
0.4320991,0.0038757615
1.0987403,0.0017381915
0.4141709,0.0047591524
0.590827,0.004606408
0.4981623,0.004948907
0.20369059,0.004622339
0.6069131,0.0037369668
0.48236397,0.0059478898
0.26061475,0.0053896448
0.5363082,0.0047033266
0.49981147,0.006254685
0.7049698,0.00406047
0.41423312,0.0047406647
0.5869858,0.0048776115
0.35883975,0.005053679
1.0477334,0.0028866276
0.64137185,0.0051581194
0.6551015,0.004376887
0.3305642,0.005151565
0.61211574,0.0038606273
0.39633954,0.004482205
0.6450218,0.0047694473
0.732022,0.0037153726
1.257945,0.002304686
0.47186923,0.004375245
0.34429762,0.0023469776
0.60150677,0.0051415935
0.59033513,0.00306315
0.43620023,0.004497797
0.47674224,0.005670992
0.28993693,0.0055425125
0.44321176,0.0043886118
0.49238455,0.00504916
0.39700115,0.005779593
0.40224883,0.0058585224
0.2906654,0.0049140994
0.20019306,0.006090884
0.7113263,0.0033154779
0.37182802,0.005259327
0.37243205,0.0051776515
0.2950923,0.0048748814
0.63241225,0.005128781
0.75321853,0.0017370165
1.5069058,0.0024291128
0.97784466,0.0027163236
0.53932804,0.004276398
2.0496135,0.004028017
0.59955513,0.0027305125
0.81552494,0.0039228145
0.47458747,0.005199797
0.87836707,0.0038060201
0.63882095,0.004254401
0.7272272,0.0034221576
0.32384244,0.004758866
0.3277286,0.004876805
0.7465474,0.0054699257
1.0147748,0.0039893663
0.87544775,0.005172939
0.43725997,0.005914417
0.9990645,0.0033976967
0.82582206,0.0020307961
0.6627661,0.0025815503
0.65795565,0.00411836
0.4805428,0.0053629223
0.3486172,0.0051048636
0.4066384,0.0036598195
0.4104388,0.0038501883
0.8098089,0.0023000042
0.42826656,0.00565215
0.36366507,0.005526727
0.7663094,0.002764287
0.85751116,0.0046777846
0.38448453,0.0050335717
0.6082359,0.0032749628
0.53043675,0.0055650207
0.68961847,0.002486468
0.38548112,0.004339758
0.6637396,0.004140114
1.716615,0.003051505
0.28780237,0.00592811
0.4583788,0.004569868
0.48952532,0.0059557017
0.7435934,0.003937336
0.37267947,0.005107258
0.39093894,0.005623831
0.44424346,0.004658187
0.26292208,0.0048917676
1.0787318,0.0057683564
0.37147716,0.0059210774
0.26862696,0.0053422786
0.85972524,0.003508658
0.24199809,0.0044112704
0.5858591,0.0045042406
0.21745168,0.0052922894
0.45510155,0.005108533
0.61916274,0.0027656073
0.54106164,0.0052874777
0.4815304,0.0036494625
0.42323482,0.0045079617
0.44439352,0.005441252
0.4078862,0.0049263174
0.30188876,0.0049442765
0.48871145,0.004702041
0.42514,0.0048823846
1.1497363,0.0041914755
1.0549604,0.0049650986
0.9879214,0.0035069308
0.5178308,0.0056523136
0.5395587,0.003198522
0.6578098,0.0052352925
0.6931095,0.0054175537
0.37586045,0.003259196
0.8013401,0.004719092
0.34406492,0.004280603
1.2887154,0.0032425756
0.5035451,0.0043639895
0.49097723,0.0051165307
1.5341398,0.0026297197
0.25803703,0.005213937
0.5035341,0.0051879752
0.3902233,0.0058444384
0.4365694,0.005294872
0.6213884,0.0040773763
0.3074445,0.0044465447
0.49804276,0.004562567
0.55559504,0.0043383576
0.41949353,0.0028404095
0.46023142,0.0045833034
0.45093942,0.0037095782
0.48227164,0.0041918573
0.4748386,0.0036051015
0.57423586,0.0051130936
0.5948658,0.00360249
0.44504103,0.003920057
0.53147167,0.003837221
0.22140177,0.004682947
1.006473,0.0028531428
0.7932698,0.003253959
1.1369283,0.003342645
0.28606054,0.0044598365
0.8627891,0.0032169037
0.5650469,0.0052918573
0.6243404,0.0043740114
0.8055407,0.0042416467
0.46246758,0.0042478684
0.6429938,0.0027392642
0.36106294,0.004462244
0.70154583,0.0052118506
0.32889196,0.0054444605
0.21230248,0.005648591
0.4110476,0.004753087
0.29750255,0.0051864744
0.47939748,0.004534809
0.49472916,0.0057713026
0.5150738,0.0031072013
0.9708958,0.0026992261
0.74502486,0.0036872106
0.62704396,0.002400175
0.7829094,0.0026616564
0.59814376,0.003456481
0.490575,0.0033676375
0.7035614,0.0037808986
0.4001067,0.0055075255
0.66191614,0.0041955803
0.45082784,0.003926384
0.4902472,0.0044699926
0.57900596,0.0028038549
0.6023753,0.003865081
0.42783478,0.00346046
0.30911365,0.0052674715
0.542064,0.0032773658
0.23367457,0.0041638548
0.31839988,0.005428972
0.45757413,0.004402977
0.77531815,0.0054412275
0.5383032,0.004939411
0.7017315,0.0031830007
0.6436667,0.0056482214
0.9722886,0.0043405546
0.29642984,0.006262238
0.76364785,0.0051591536
0.5212113,0.0041893595
0.34311232,0.004347764
0.5408521,0.005276987
0.33542517,0.004454874
0.5647938,0.0036325993
0.33232337,0.00561845
0.37460625,0.0036713479
0.5339501,0.0047831237
0.7567898,0.0039131455
0.796592,0.002587492
0.49143368,0.0041881697
0.55994546,0.0035919794
0.48003876,0.0030088995
0.6937167,0.005440666
0.4873955,0.004291346
0.20161696,0.00523453
0.4682365,0.003592901
0.36274844,0.0059681875
0.7100204,0.004271849
0.46403143,0.0054096044
0.5683007,0.0043242997
0.6944275,0.003620593
0.5415777,0.0038443692
0.44262642,0.005232694
0.82633215,0.004510442
0.9578585,0.0040268665
0.3107046,0.005705348
0.9061666,0.004311745
0.48154613,0.0051639513
0.40264702,0.00358597
0.46898502,0.0046608774
0.5739989,0.0048695733
0.89470917,0.0041480036
0.94981766,0.0035779758
0.4294877,0.0047611347
1.3152174,0.0018455333
0.5090556,0.0048842146
0.2647207,0.004345898
0.35728344,0.0056867185
0.8057399,0.004928235
0.5915884,0.0022949758
0.7286519,0.0040633474
0.3726629,0.0052484833
0.5555648,0.004502637
0.69490945,0.004519399
0.38446605,0.004626915
0.67705685,0.0029137183
1.4034134,0.0022905504
0.296323,0.004826828
0.46223602,0.005577325
0.640553,0.0033991379
0.94583446,0.003970953
0.64821756,0.00460575
0.7376273,0.0035626413
0.21953027,0.005284888
1.2116133,0.002245361
0.5306567,0.004550247
0.30497292,0.0048399265
0.96524245,0.0039328802
0.35649833,0.00577812
0.31970686,0.0049175736
0.94315505,0.0036191528
0.4098158,0.003365906
0.47831735,0.00463855
0.1987126,0.005414663
0.70068884,0.004174849
0.5147437,0.0053942883
0.47634777,0.005024782
0.2529894,0.00545128
0.39237398,0.004728196
0.4939532,0.003922833
0.66360575,0.002632511
0.6662288,0.0039914926
0.39221063,0.003963701
1.4536022,0.0028198184
0.6912241,0.0046937047
1.1032335,0.00339608
0.49830884,0.005274312
0.369296,0.0052445754
0.6776927,0.005345093
0.32865757,0.0035929473
0.5724569,0.0038766686
0.4721083,0.004026828
0.24788058,0.006103514
1.4394814,0.003904713
0.5194362,0.0035068123
0.32375243,0.004550467
0.47097877,0.0038924732
0.5092462,0.0048158234
0.28375334,0.0053090346
0.2708138,0.005201464
0.44533843,0.005188293
0.33898422,0.005380715
1.2887824,0.0046198806
0.3270435,0.0049671372
0.47539282,0.0042921603
0.87543696,0.0033738448
0.9485852,0.0028704938
0.61876595,0.006022872
0.7869108,0.0036903436
0.637105,0.003855726
0.6924615,0.0030122218
0.4450576,0.0039829826
0.5334168,0.0054947464
0.5042041,0.0038052353
0.6557591,0.0041148835
0.4942486,0.0055739097
1.0031251,0.0041107098
0.8314655,0.0052200705
0.32356766,0.0054445188
0.36509848,0.0056695356
0.5070159,0.005413414
0.5344803,0.0032002025
0.38827392,0.005570989
0.59195757,0.0041366504
1.1203974,0.0039706086
0.69162357,0.0035159658
0.36448687,0.00600732
0.74498236,0.00361068
0.8746189,0.0027877176
0.80252963,0.004575735
0.4905763,0.0039001582
0.6941288,0.003886055
0.41411227,0.0051662168
0.44632047,0.004391983
0.69071954,0.0026126348
0.57320577,0.0040190537
0.49042457,0.00564276
0.7783661,0.004948804
0.5664902,0.0042774878
0.74516255,0.004213237
0.8388721,0.003687655
1.0161858,0.0029515414
0.35938197,0.0051938775
0.45563793,0.0042555733
0.5382857,0.004481726
0.5649512,0.0042559
0.49733138,0.0048196632
0.6943927,0.0031287745
0.62086433,0.0029229096
0.7196231,0.0024004912
0.37000555,0.0049020583
1.1590523,0.002134308
0.6139858,0.0050554182
0.5868955,0.0053970204
0.3928118,0.0049816947
0.4888625,0.0047279284
1.342058,0.0037062843
0.43701258,0.0046384893
0.9219354,0.004590772
0.3649816,0.005536931
0.7179689,0.0035637945
0.6496679,0.0037914591
0.7405198,0.0031798023
0.25804564,0.005246331
0.6100994,0.0034512994
0.4273653,0.0046041976
0.5425572,0.0046100593
0.3760471,0.0045892303
0.35384548,0.0050061163
0.5339944,0.003435692
0.647215,0.0032750564
0.4157589,0.0038356213
0.60773873,0.00480199
0.5513722,0.0030862927
0.4668585,0.005557497
2.3196018,0.002227913
0.53829867,0.0051200558
0.72478217,0.0040277406
0.43901905,0.0040806523
0.538926,0.0046724244
0.41134307,0.0043347166
0.5682751,0.0024224853
0.5468346,0.0046598883
0.55035317,0.0039346237
0.6571818,0.004326887
0.31213304,0.00556546
0.41786826,0.004185895
0.42011204,0.005091979
0.30525795,0.0050159935
0.74497813,0.0034653163
0.583554,0.0038601866
0.8014523,0.0024051229
0.4268665,0.0045728246
0.63322884,0.0047688712
0.31802344,0.0053008986
0.7513662,0.004548005
0.33359495,0.004798303
0.63210404,0.0032363548
0.35727057,0.005862016
0.4002325,0.004793214
0.4327579,0.003693167
0.49631304,0.0036852853
0.4361662,0.005460623
0.3203588,0.0050867465
0.26344696,0.0055189626
0.47219682,0.0042740637
0.62770134,0.0028078519
0.35439786,0.0061049517
0.5411179,0.0031153215
0.81916595,0.0038252736
0.5903623,0.0047477493
0.5148252,0.005022919
0.5995547,0.004051406
0.6298959,0.0035827234
0.5816421,0.0033812877
0.2716021,0.004687324
0.32448423,0.0049676457
0.84751225,0.0046800734
0.4588879,0.00520801
0.51470757,0.004741031
0.63281256,0.0042067976
0.5570467,0.005278464
0.47415894,0.0038081484
0.3597997,0.0047794296
0.5231573,0.0049619325
0.71790624,0.003101799
0.5916187,0.0043585068
0.74508834,0.005671511
0.20641631,0.004123997
0.34130475,0.0050015245
0.6447849,0.004489605
0.67541987,0.0039766864
0.5453562,0.0051299883
0.3537206,0.0046091643
0.49246404,0.0038844952
0.4999028,0.00548601
0.57514286,0.0043646838
0.78193486,0.0031711722
0.24614379,0.0051299594
0.39199448,0.004244869
0.34905884,0.005375916
0.88827515,0.004623425
0.42156294,0.004745579
0.59925425,0.004417736
0.67677015,0.0043368987
1.1743892,0.0033015362
0.5659185,0.004565594
0.9285182,0.0041847327
0.72200376,0.0045206035
0.32769796,0.0055573815
0.8167604,0.0033153153
0.9302602,0.0046221972
0.7112652,0.0041738227
0.749656,0.0033345753
1.1183811,0.0033965928
0.25719246,0.006134889
0.5560264,0.0058875354
0.97121185,0.0046407147
0.6752662,0.0036790387
0.4997227,0.0051893364
0.31858853,0.0043460336
1.1939352,0.003657286
0.65699625,0.0047305548
0.62030035,0.00507254
0.47267324,0.0038873518
0.322382,0.0038749294
0.13628964,0.0055232337
0.33534762,0.004370026
0.45489419,0.0046401415
0.47292534,0.00466776
0.74028623,0.004330956
0.62912726,0.0050453143
0.6939992,0.0035903384
0.43130913,0.003112373
0.51223946,0.0048943358
0.4645458,0.0046524773
0.83121204,0.004893664
0.31357372,0.0039916746
0.58787173,0.003583403
0.84948844,0.0033217552
0.8797123,0.0044883667
0.9598178,0.0040839957
1.0559636,0.0035486408
0.31478995,0.004867623
0.39060616,0.0048010903
0.6990995,0.0043837987
0.3319135,0.004382801
0.45850345,0.0063076722
0.44451484,0.0050861742
0.5254562,0.0035715278
0.7744407,0.0027546561
0.49240676,0.004744116
0.5950284,0.005275453
0.39239696,0.004256708
0.51424116,0.004965381
0.5852691,0.0044983416
0.36788526,0.0048906025
0.5109441,0.004441751
0.4752412,0.004356718
0.68727845,0.0039776666
0.58380014,0.0047286614
1.5243458,0.0029247527
0.8764975,0.003242955
0.89029515,0.0044882344
0.63975245,0.004295777
0.7016726,0.003555542
0.5078101,0.0051633185
0.33243853,0.004645696
0.65845996,0.005271579
0.4559773,0.004588785
1.0387918,0.0037730376
0.4624907,0.0051567545
0.76209825,0.0037982392
0.43710133,0.004552656
0.67837787,0.0031111422
1.1019477,0.0039409823
0.42419246,0.0051801554
0.3498873,0.005280413
0.3667893,0.0044242167
0.37116647,0.0050191865
0.5764501,0.0051122284
0.44782603,0.004322306
0.696811,0.003534547
0.43669543,0.0040505566
0.71752584,0.004353261
0.659061,0.003864196
0.535326,0.0036766008
0.43702686,0.0047430014
0.45454162,0.0042796917
0.53262115,0.004747658
0.34442565,0.004758172
0.7566257,0.0039826203
0.40185395,0.0048128935
0.7231675,0.005087928
0.4420285,0.0036777959
0.532145,0.004943383
0.4226282,0.0037635874
1.2371897,0.0040733702
0.44661838,0.0055724513
0.46320096,0.0039017815
0.17872144,0.0056983563
0.5758411,0.0040896204
0.48864567,0.004766048
0.3714611,0.0042271116
0.34435436,0.00528922
0.984457,0.0042301356
0.42993185,0.004604431
0.89997494,0.0038558277
0.38305694,0.0050066262
0.48005164,0.004951435
0.47495267,0.0040519736
0.8168279,0.0034739992
0.21159856,0.0052422015
0.3971235,0.0049764537
1.0357159,0.00377087
0.39787924,0.005281553
0.46504545,0.005428816
0.52963096,0.0053870683
0.89162946,0.0035236618
0.80031025,0.004008434
0.3645861,0.004955374
0.410833,0.0042697038
0.41616502,0.004636761
0.48161772,0.005316746
0.52553064,0.0039007457
0.4144564,0.0041888016
0.70193833,0.004116664
0.6372935,0.0038458758
0.47722343,0.0051384666
0.36318648,0.0052621374
0.5453601,0.0038250962
0.52746075,0.004923064
0.29981247,0.0049350997
0.32786193,0.00468566
0.3428822,0.004227887
0.30709624,0.004142638
0.924764,0.002945812
0.5213785,0.0053118393
0.33490616,0.0047306838
0.31731355,0.004752834
0.42815804,0.004004482
0.29078206,0.0045852964
0.73230666,0.0032587133
0.7679756,0.0043255384
0.3415491,0.0047180266
0.5598614,0.0028921743
0.2600665,0.0049794884
0.33202133,0.004867225
0.36622733,0.005484402
0.45852613,0.0055291895
0.22236276,0.0058710226
0.8830422,0.0035748899
0.4507858,0.004355266
0.6306138,0.0031451527
0.5890951,0.0021329138
0.3358377,0.0057003004
0.67987186,0.004714058
0.48977637,0.0042574196
0.33307204,0.004217437
0.7484707,0.004844931
0.2606573,0.00479336
0.40635988,0.0045885197
0.28244272,0.0046607004
0.340491,0.0046363007
0.39285734,0.0045868377
0.351031,0.0059614773
0.40198112,0.0049257777
0.3362847,0.0057875216
0.49515176,0.0030831224
0.23969989,0.0049197692
0.59934884,0.0050553773
0.6634459,0.0052605756
0.5965266,0.0038221548
0.80927515,0.0034209846
0.31489024,0.0050790687
0.41555086,0.0043788357
0.55167276,0.0046377615
0.30400285,0.004743772
0.6753906,0.004578865
0.6892063,0.0038594317
0.44705194,0.004151819
0.69733876,0.003346136
0.47555757,0.0054951506
0.46189415,0.004105918
0.54748684,0.006050275
0.21903689,0.0056154346
0.8897951,0.0033094909
0.71493185,0.0049061878
0.3342826,0.004495972
0.5723998,0.0046264953
0.31591696,0.0057463297
0.31628108,0.0045287074
0.18516466,0.00592923
0.79837537,0.00540914
0.34264943,0.0045576384
0.65525514,0.004820315
0.32971653,0.0051954775
0.3180201,0.0050807493
0.5407712,0.0042966083
0.5600774,0.0040832637
0.50138205,0.004652267
0.21905892,0.0057005854
0.6194909,0.004802851
0.5221061,0.005129623
0.44918966,0.0041712387
0.58599705,0.00512585
0.2867554,0.005334012
0.3966058,0.004331462
0.29568434,0.0050461083
0.41208604,0.004156359
0.64521235,0.0053909034
0.36030665,0.0046708016
0.6604404,0.00437586
0.32683766,0.005653941
0.22712573,0.004815691
0.57541907,0.0041665607
0.35670167,0.0047147083
0.61329865,0.0050354255
0.36527577,0.004935741
0.546859,0.0021479207
0.23698942,0.004440582
0.4458274,0.0037102932
0.8101407,0.0044333707
0.6275931,0.0054365504
0.46345726,0.0043514767
0.35997847,0.0048564333
0.7512264,0.004195796
1.0445989,0.003954106
0.36174825,0.0040029357
0.7798572,0.0058192112
0.31729913,0.004355731
0.4795722,0.003919581
0.5546892,0.004370011
0.40643167,0.0046256045
0.98918736,0.0036079283
0.6706703,0.0047362125
0.89399785,0.0040188036
0.7876461,0.0046665105
0.52474076,0.0051579853
0.6056196,0.004938904
0.5495112,0.004781341
0.48771477,0.0043192846
0.6220455,0.0046676765
0.49175203,0.0050306898
0.523553,0.0048124376
0.35917208,0.0040736925
0.50089806,0.005171868
0.404682,0.005510162
0.55564755,0.0038135923
0.64818436,0.004602867
0.7590639,0.004958825
0.40501493,0.0046176384
0.65789765,0.0044758795
0.2643299,0.0044958745
0.5343372,0.005432256
0.4308314,0.005105533
0.41983616,0.0048498227
0.5955191,0.0050847265
0.5708412,0.0042692926
0.56782144,0.0034980066
0.5033964,0.0038860631
0.44792733,0.003199864
0.3975297,0.0051308307
0.6740683,0.004290836
0.5668754,0.004716067
0.63606733,0.0045168134
0.53367746,0.0050290367
0.6252326,0.0037085228
0.44728145,0.0044859364
0.53608114,0.0034982038
0.61555034,0.00451965
0.5507024,0.0052370047
0.47643873,0.005171986
0.27845865,0.004189807
0.3283131,0.0040625674
0.4104153,0.0037564721
0.5140288,0.0039013005
0.7199035,0.0044161784
0.62276703,0.00434695
0.28899997,0.004493546
0.48689163,0.0041778246
0.3888016,0.0063724574
0.66970664,0.0035281943
0.6502153,0.005402796
0.96381795,0.0051223147
0.38481662,0.004302681
0.3162309,0.0048742276
0.62547755,0.00410318
0.36734974,0.0054124263
0.27842206,0.005001077
0.57251704,0.0035272117
0.45130077,0.0044468045
0.81436116,0.0040406105
0.567184,0.0044195773
0.5299077,0.0040946067
0.36013505,0.0049980185
0.29351208,0.003996621
0.2924224,0.0051521105
0.3229991,0.005175656
0.36921236,0.0055307196
0.80581915,0.0033404743
0.32220817,0.005161309
0.6562487,0.0035925184
0.36080742,0.0056380676
0.6804963,0.0029662857
0.28043398,0.005796713
0.5668963,0.0051851873
0.40178022,0.004625114
0.44208115,0.0037705617
0.8618946,0.003848073
0.4164322,0.004491697
0.42890742,0.0041212356
0.2808305,0.0048171333
0.46343237,0.0037439272
0.542643,0.004950642
0.506896,0.0033007304
0.4426098,0.0056216153
0.35370806,0.004141912
0.7875588,0.0042804135
0.54609275,0.0051113474
0.40110078,0.0063483766
0.6205771,0.0048350194
0.6262659,0.0049012257
0.65521234,0.004900946
0.55128986,0.0038272385
0.7609548,0.0038782982
0.5907243,0.0030882864
0.44875345,0.0044562737
0.38365722,0.0045408593
0.36564857,0.00605537
0.4010847,0.004906666
0.62344086,0.0048221736
0.41439024,0.0038458758
0.582512,0.003585043
0.45117113,0.004318692
0.58747876,0.0036143467
0.531564,0.0049789543
0.6319619,0.005182522
0.52007514,0.005123893
0.4247497,0.004749867
0.40071902,0.0037948594
0.6338413,0.0046166587
0.74842155,0.004584498
0.24513873,0.005502152
0.5194594,0.0049332385
0.45150453,0.00468145
0.95338005,0.0050889864
0.47946978,0.0048966743
0.47811136,0.0052893143
0.3261819,0.0048351577
0.53191334,0.004523862
0.26578534,0.005097106
0.43944505,0.0041173315
0.57695323,0.0040449505
0.82039595,0.0042157737
0.40198728,0.0055970806
0.43542412,0.0060573523
0.5534917,0.004624957
0.24125658,0.0055880225
0.20832884,0.005308628
0.51063925,0.0033893639
0.5031392,0.0034820628
0.36494064,0.0050431923
0.7803065,0.003213325
0.29911414,0.005392184
0.77005565,0.0033686648
0.6941667,0.0053132456
0.3865688,0.005859394
0.2935391,0.004590588
0.7830774,0.0038452179
0.5497203,0.0036353127
0.39513814,0.0049726265
0.31187642,0.0048633628
0.27760756,0.0057692695
0.58052695,0.00408062
0.45147103,0.0036096482
0.9973411,0.0041931914
0.2668359,0.004553828
0.67190564,0.0047477507
0.37103665,0.0036881121
0.5435066,0.0031133865
0.3933407,0.005093539
0.18094131,0.005828675
0.7829634,0.0039857784
0.58166087,0.004366769
0.6666392,0.0046694344
0.32590875,0.0058109467
0.29873657,0.0043655303
0.7342763,0.0047595045
0.51270837,0.00509592
0.70685244,0.0047355643
0.18549965,0.005395792
0.4046733,0.005419261
0.3892996,0.005536118
0.56049174,0.003582002
0.45197555,0.0051430045
1.156813,0.00330914
0.3136148,0.004693526
0.4155543,0.0056476514
0.59233636,0.0042767753
0.45154685,0.0031527956
0.33148947,0.004733227
0.42484736,0.0039823987
0.5336456,0.00466974
0.43734393,0.005033335
0.31970766,0.0056443415
0.22240329,0.004321984
0.23531677,0.004127383
0.43714628,0.004967974
0.41790748,0.0039112903
0.15666977,0.0046238946
0.39779666,0.0055992957
0.41367522,0.0039255535
0.5907715,0.00474061
0.6127754,0.004108521
0.4077334,0.004229657
0.6745043,0.0027508745
0.6558647,0.0041131754
0.41908777,0.005566085
0.479615,0.0038395089
0.35749987,0.004197792
0.4740889,0.0045559816
0.12543876,0.0064599696
0.36993653,0.005617398
0.3776995,0.005162668
0.4590541,0.004476325
0.26188672,0.004353182
0.28381214,0.004285446
0.46637487,0.0045581
0.2638214,0.0052577686
0.5304299,0.0044191177
0.28878623,0.0041157017
0.4176397,0.0058559007
0.38767734,0.004061224
0.41037354,0.0032716861
0.6498416,0.0048198947
0.5725897,0.0035806764
0.46351275,0.0036591843
0.19037509,0.0052818097
0.45814472,0.00494436
0.18584974,0.0051164445
0.44433913,0.0050414433
0.30435088,0.0044410196
0.5645395,0.004746697
0.41449243,0.004883821
0.4576996,0.004774994
0.4375462,0.005409846
0.32865348,0.0047763884
0.6960292,0.0038661682
0.9472044,0.003577774
0.5055971,0.004651579
0.54590535,0.0048969467
0.4981491,0.005586745
0.5522446,0.0046397448
0.7499896,0.0041414625
0.34154105,0.005126992
0.7574285,0.004428658
0.32355037,0.0058530415
0.39410564,0.005321983
0.24693118,0.0051472355
0.32277972,0.005233633
0.5554261,0.00407643
0.64186907,0.0042386325
0.2997869,0.0044261185
0.38704732,0.004199486
0.39500028,0.0058273347
0.44726792,0.0038905644
0.58217883,0.0044435193
0.3105338,0.0051552244
0.49892318,0.005614367
0.6141035,0.0031695762
0.53707314,0.005501763
0.41830724,0.005462583
0.6474842,0.0034820468
0.6421689,0.0037501834
0.5956452,0.004488406
0.38649994,0.0051588565
0.48017243,0.005598781
0.6067367,0.0040841834
0.6507691,0.0049524754
0.6148996,0.0040052724
0.87046343,0.004154495
0.5041192,0.0044904905
0.5173775,0.0035969196
0.62418646,0.0034815257
0.39553615,0.0052137487
0.69094753,0.0038282753
0.3720978,0.0041709007
0.6554744,0.0038203697
0.23542914,0.0050032623
0.3675021,0.004563375
0.33813742,0.0052522407
0.466907,0.004703514
0.3483713,0.005302753
0.4651658,0.00453738
0.52334803,0.0046130777
0.3087496,0.0054502664
0.33839512,0.0031491106
0.37110502,0.0033841534
0.50718606,0.004502652
0.4321729,0.004343254
0.6731843,0.0029110478
0.4326918,0.0047471775
0.36912963,0.0039036833
0.7708324,0.003149996
0.38859996,0.004831345
0.5655529,0.00413856
0.34678864,0.0045074285
0.33104786,0.005216977
0.32613817,0.005080888
0.589202,0.00489946
0.36054224,0.0059430506
0.41062164,0.0040963083
0.57485753,0.004146096
0.32998422,0.005572347
0.41263196,0.0047086403
0.5279544,0.0052245692
0.26425138,0.003393553
0.45190048,0.00492687
0.3292121,0.004875292
0.31232175,0.006085847
1.1042937,0.004661832
0.32296786,0.0053102523
0.28885525,0.003917541
0.34937227,0.0048959474
0.36171892,0.0046695215
0.3078337,0.0057980143
0.61124694,0.0044439267
0.375511,0.005761357
0.4456239,0.004714098
0.49155658,0.0037283744
0.5112908,0.005357719
0.16217144,0.005029919
0.4622764,0.004037795
0.33012265,0.0051487903
0.4390779,0.00536892
0.43959996,0.0049792887
0.341529,0.005881103
0.4486203,0.004748938
0.33073616,0.0040853336
0.37598383,0.0041609514
0.6877079,0.004390107
0.49009162,0.0038972308
0.3604486,0.004108292
0.43646958,0.004423619
0.27700427,0.0050142026
0.60889107,0.0042800684
0.24575488,0.0058382875
0.44502518,0.0051480522
0.39801154,0.004802796
0.5530715,0.0049586548
0.39700657,0.005284328
0.6031447,0.0040896377
0.40701947,0.004957591
0.41524962,0.003913529
0.5090431,0.005023408
0.47654977,0.005329154
0.40737128,0.0052529196
0.28552577,0.005451251
0.36786172,0.003979004
0.29270896,0.005529253
0.17574161,0.005889826
0.44530457,0.0035915817
0.28819495,0.0048436993
0.29075676,0.0052087074
0.51892173,0.0045896405
0.5267963,0.004892317
0.59398675,0.0057887794
0.30286524,0.004479849
0.6784611,0.0029406473
0.44460344,0.0050721006
0.60042274,0.004289045
0.39530104,0.004144456
0.47498763,0.0044322135
0.6301734,0.0043911855
0.42148277,0.004885667
0.33091077,0.004974879
0.81665033,0.0048725354
0.89624715,0.004675905
0.525588,0.005462478
0.26151034,0.0052896864
0.29941654,0.0059111286
0.44752267,0.005527244
0.22017553,0.004662683
0.3847646,0.0038208875
0.42624673,0.00495234
0.42319474,0.0054222033
0.49023798,0.0041047693
0.46220073,0.0049198484
0.49195534,0.0051393206
0.46608698,0.005213369
0.69120187,0.004364247
0.29609752,0.0047337865
0.38740668,0.0051754196
0.7606038,0.004394985
0.4812328,0.002999523
0.44275948,0.0038751152
0.3177586,0.005134425
0.4771256,0.0055567883
0.4868855,0.0053032455
0.36002076,0.004027557
0.5038726,0.0042500906
0.42267385,0.004725214
0.39985082,0.006175238
0.55992633,0.004717412
0.3353255,0.00509974
0.34991634,0.0038343114
0.3886217,0.004021974
0.33992,0.004600498
0.38691518,0.0056338194
0.54817855,0.0040696138
0.58836,0.005133262
0.28613245,0.005874934
0.5536197,0.0045081624
0.4022258,0.004785627
0.44493568,0.0044884533
0.5183195,0.004596192
0.39713034,0.0050958013
0.38574225,0.0053394637
0.48205787,0.0060148276
0.38449064,0.0056787296
0.42210725,0.0052503836
0.5304124,0.003148499
0.22773555,0.004978545
0.31778234,0.0059401384
0.52440274,0.00476767
0.3310144,0.004267455
0.35177743,0.0044212495
0.18552749,0.0061830236
0.5099999,0.005763501
0.4293277,0.0043541533
0.81961244,0.0047708573
0.30711216,0.0045922627
0.54392916,0.0051498124
0.25059697,0.0072554736
0.5045712,0.003911698
0.40594804,0.004870511
0.41447717,0.004369973
0.4381629,0.0046020835
0.42137396,0.0044445987
0.6983071,0.0057615107
0.32958537,0.0052220696
0.6251504,0.004294182
0.18004052,0.0048173894
0.5001821,0.0057742842
0.428069,0.0048843822
0.52721167,0.0049079284
0.4394679,0.003701383
0.30263698,0.00504561
0.26783532,0.0053055333
0.33520362,0.004948892
0.60262793,0.0037977397
0.6857609,0.0043817805
0.49756187,0.005036037
0.21985999,0.0056368797
0.53722876,0.0043024877
0.4326821,0.004800299
0.39729896,0.004605584
0.57615083,0.0048432304
0.37701175,0.005388671
0.4017162,0.0050882655
0.25227562,0.0050979527
0.4565208,0.00395272
0.5747964,0.004303031
0.15277618,0.005729596
0.41590792,0.004438088
0.2912352,0.004746697
0.3724874,0.0054122694
0.3478134,0.005511933
0.27115962,0.005321506
0.39131513,0.004570454
0.435772,0.0046769944
0.28352305,0.0052320864
0.41296664,0.0053936644
0.35627198,0.00529919
0.53379846,0.0042580212
0.45123,0.0053492356
0.6638749,0.004208228
0.36416298,0.0047349036
0.29485214,0.00458715
0.3542739,0.005473218
0.477506,0.005906954
0.42722988,0.0061369287
0.25688493,0.0052759047
0.41056514,0.005021114
0.5236086,0.005669646
0.3689443,0.004610806
0.38064018,0.004931754
0.35552117,0.0056365407
0.35776436,0.0053110356
0.22309555,0.0056569153
0.30943134,0.00423776
0.33413753,0.0046573565
0.52658576,0.0039658784
0.7977362,0.0042418092
0.38880154,0.0049182926
0.51506454,0.0047982144
0.36188257,0.00416197
0.60634077,0.004442666
0.24924716,0.005037167
0.4381511,0.0049857986
0.25791767,0.0046490636
0.405383,0.0048998143
0.46070528,0.0048353686
0.3302912,0.0050564944
0.47397837,0.0061182794
0.39908892,0.0038352753
0.50755817,0.004251336
0.26835978,0.005200865
0.4125061,0.006226639
0.40451542,0.005537068
0.52911574,0.0051705297
0.25422946,0.0048262556
0.6467784,0.005526766
0.32756862,0.005276334
0.44751102,0.005096051
0.46344975,0.00554406
0.47195527,0.0055511002
0.5043719,0.0045557306
0.27657273,0.004565109
0.2909908,0.004994214
0.4417324,0.003520026
0.45054665,0.005639342
0.22179002,0.0058151623
0.74571675,0.004471997
0.37087,0.0051507093
0.536868,0.0050612167
0.2953532,0.004553983
0.53104347,0.005409418
0.35713264,0.0060696495
0.38821185,0.0051265587
0.31267583,0.0055393134
0.4763828,0.004509502
0.41738153,0.003748647
0.3600127,0.004464462
0.3835316,0.004578523
0.4043703,0.0050733895
0.6069034,0.004119695
0.3990972,0.0049290895
0.31535307,0.005149376
0.3504118,0.0057156384
0.39504308,0.004554394
0.35345155,0.0035215728
0.23977056,0.0052957623
0.92905635,0.0045310264
0.4082772,0.0043170378
0.40983233,0.0053984923
0.31730315,0.0048623686
0.25830367,0.0033322377
0.5582185,0.0040061357
0.4099142,0.004882085
0.43829134,0.0057501514
0.23984392,0.005365752
0.536111,0.004771641
0.34646592,0.004605845
0.59542423,0.0042592995
0.45023167,0.00465909
0.39947873,0.0045721694
0.4583254,0.004471838
0.44561216,0.005125495
0.42071056,0.004513807
0.33874553,0.006242838
0.29855198,0.005197415
0.49757177,0.005237236
0.23319142,0.0048550996
0.2983682,0.0059228553
0.7900701,0.005664575
0.307981,0.004737412
0.28518337,0.004362188
0.39273396,0.004901738
0.44548774,0.0040539633
0.3162378,0.005173901
0.20415892,0.0057767695
0.3060859,0.005653151
0.27854618,0.004945902
0.459126,0.0050554294
0.29142895,0.0056008496
0.2943282,0.0059683537
0.5836946,0.005547925
0.7955488,0.0058785267
0.46232793,0.004317945
0.6076836,0.00385964
0.35525486,0.005720214
0.279563,0.0056234263
0.33974612,0.004401612
0.33208692,0.0040560025
0.404886,0.0050191577
0.60827684,0.005369214
0.3267385,0.005188657
0.29708588,0.005065271
0.48260346,0.005481238
0.2722935,0.005364271
0.3596262,0.0050103003
0.4759772,0.0052839178
0.367606,0.00467847
0.36140975,0.005352246
0.36567754,0.0043526497
0.20608462,0.0050574495
0.37467912,0.0051815324
0.43844837,0.004907119
0.6498189,0.0032677085
0.38436225,0.0045232857
0.46218422,0.005118695
0.36826926,0.0054385173
0.366511,0.00442964
0.37368956,0.0051753856
0.27137643,0.0053446433
0.5862317,0.0048231897
0.42267686,0.0046482184
0.28734037,0.0047041154
0.3902381,0.0059435507
0.31546766,0.004147999
0.4065245,0.0060687354
0.6444841,0.005010208
0.26202905,0.0048875283
0.39481375,0.0053817565
0.26690212,0.0054742224
0.2746979,0.004911528
0.36873007,0.0046437085
0.31283978,0.005177323
0.249224,0.005013493
0.3041234,0.004863669
0.23315586,0.00615113
0.26893008,0.005798155
0.22282052,0.004795222
0.3988498,0.0059415414
0.37987778,0.005463711
0.44964203,0.0042688176
0.47691277,0.00455245
0.305734,0.0044128415
0.31988764,0.006179268
0.42054546,0.0051045837
0.4799771,0.0044175303
0.80362356,0.0045285034
0.5422976,0.0056411764
0.3451179,0.0055704615
0.465034,0.004014031
0.38991117,0.0056243874
0.2929119,0.0053825607
0.2228311,0.005720804
0.5021199,0.0038022704
0.21610314,0.005007039
0.17976658,0.0060538314
0.2198261,0.004090366
0.41021857,0.0053845746
0.24827605,0.005307249
0.47815776,0.005137128
0.14147492,0.0050927685
0.5529451,0.0037805208
0.5742928,0.004813645
0.5085592,0.0040424163
0.24406078,0.0057720398
0.36853814,0.0050540348
0.29357937,0.0057912786
0.23142666,0.0043422733
0.3862365,0.004412168
0.5775665,0.0052280296
0.44637632,0.004476218
0.28514123,0.0047989017
0.1388021,0.0058827084
0.42019245,0.0045272196
0.38352177,0.005540919
0.3800179,0.0048124953
0.33160532,0.0055099665
0.27801085,0.0041297083
0.25475073,0.005400501
0.64252776,0.005136471
0.28917187,0.0053419406
0.44873312,0.0050991885
0.4093823,0.004536024
0.6988772,0.0052639833
0.3971589,0.00582124
0.43951312,0.0050225835
0.26762453,0.0041855816
0.29823512,0.0041166646
0.4774171,0.0047750315
0.46087143,0.0037781019
0.5099761,0.0042117685
0.53241897,0.005638212
0.4564131,0.00507027
0.39224616,0.0044030133
0.40987065,0.0055469046
0.29455894,0.0053675
0.45852035,0.0041503743
0.26842487,0.004610276
0.31308562,0.004419966
0.3229161,0.0050953594
0.24574444,0.0056810556
0.36312324,0.0062561003
0.5829509,0.004483671
0.49217978,0.0047233854
0.33145425,0.0046389997
0.20163894,0.0037568354
0.711598,0.0045431787
0.37106335,0.0049952036
0.743421,0.0044869934
0.22943433,0.005185942
0.40137222,0.005204674
0.3715508,0.0044084545
0.4922917,0.006421083
0.43285424,0.004603167
0.3983562,0.0053746253
0.34067497,0.0041267434
0.7174153,0.0051745507
0.29263294,0.005003069
0.27803275,0.004976984
0.27557775,0.00514862
0.3541908,0.0063992343
0.62985086,0.00439434
0.4549438,0.003368548
0.2822009,0.0059321537
0.3238319,0.005688919
0.64111555,0.0050216108
0.35703492,0.0032936872
0.3506585,0.0061463215
0.39102757,0.0049899365
0.41467738,0.0049761655
0.3157628,0.0053771557
0.4467605,0.0047201444
0.49709204,0.0054072654
0.30130917,0.0051556174
0.7092955,0.0044941613
0.3637289,0.005457125
0.576038,0.003942234
0.24098235,0.0043850653
0.76319975,0.0049476605
0.8275973,0.0033325132
0.30189115,0.004452212
0.29839477,0.005664231
0.4300794,0.0045997896
0.32940984,0.004660729
0.39801848,0.005148547
0.43847108,0.004931972
0.27756202,0.005321076
0.36622763,0.0058078114
0.380031,0.0047610193
0.29408294,0.005003368
0.2084176,0.0057455674
0.34199953,0.0040615075
0.52056015,0.003933202
0.36754474,0.0055958717
0.35544464,0.0048210034
0.308891,0.0056192447
0.471411,0.0043932656
0.44277388,0.0041962555
0.24521022,0.005445226
0.32881588,0.006005593
0.22836803,0.0052007153
0.49366504,0.004987881
0.89958453,0.005830557
0.44027054,0.0042770924
0.3774692,0.00501988
0.46208775,0.004218803
0.4020566,0.004775915
0.50006044,0.0049594045
0.292033,0.0047393683
0.48657,0.0047774888
0.32489005,0.005487505
0.33649325,0.005664547
0.3861267,0.0041874642
0.48750633,0.0037720003
0.3701793,0.005146569
0.22198458,0.0053991196
0.3394315,0.0057180063
0.26152617,0.005267293
0.24309821,0.0056508672
0.29028875,0.005062323
0.27768788,0.0064853197
0.53679806,0.004430214
0.32747188,0.004797469
0.3132397,0.005231509
0.24029388,0.0051460317
0.78961736,0.0041836575
0.33278042,0.005400329
0.46200243,0.0050912523
0.29584295,0.0051365127
0.4060151,0.005917489
0.31510073,0.0043561785
0.3392636,0.004823645
0.4809478,0.004172488
0.44342035,0.0055169417
0.32164696,0.0048595453
0.3851531,0.0044352245
0.52323323,0.004718559
0.4796961,0.0052353195
0.40265435,0.004974261
0.4648039,0.0049523856
0.5648049,0.005020787
0.33348194,0.005088935
0.42076513,0.005584948
0.36718497,0.0048406147
0.178154,0.0053023756
0.37951297,0.0040815906
0.29570988,0.0053049037
0.23911482,0.004847586
0.6058784,0.0038969384
0.44221628,0.0044472953
0.42299747,0.005174426
0.36143637,0.0049748276
0.25286767,0.004988182
0.35488975,0.005604481
0.5369946,0.005380532
0.6645257,0.005924654
0.19450457,0.004529955
0.3094294,0.0058077336
0.25807568,0.00524478
0.29725993,0.00461866
0.5866003,0.004593124
0.28151527,0.004601495
0.33056104,0.005255496
0.28905013,0.005415804
0.54463005,0.0045789676
0.34401715,0.0052498537
0.25494292,0.0062714904
0.42619732,0.005552605
0.50373054,0.0049825837
0.4302498,0.004966663
0.3290936,0.0032883482
0.23704663,0.005018357
0.365913,0.0053730155
0.44656137,0.0036994964
0.3790063,0.0056311423
0.44228247,0.005071212
0.569561,0.0050179376
0.40898004,0.005483988
0.6475885,0.0047959457
0.49254653,0.0053104465
0.4714137,0.0057975077
0.599258,0.0060363035
0.3766455,0.0043807724
0.73712707,0.0048350953
0.22061111,0.0048923795
0.19630559,0.0055255913
0.26306012,0.004916825
0.290543,0.0054404913
0.34740892,0.0057347626
0.38994458,0.005101986
0.27679652,0.00512408
0.47335735,0.0049155266
0.4214632,0.0055543794
0.23770623,0.0051787505
0.53693116,0.0044395444
0.29147506,0.0051957686
0.41037795,0.0048062205
0.63552713,0.0057511926
0.3773511,0.004166343
0.22347571,0.0046475907
0.55609196,0.004488909
0.33474472,0.004972302
0.66958565,0.0051549906
0.5787552,0.0049710413
0.3306667,0.005148217
0.40936184,0.00482222
0.5230504,0.0055846116
0.49548,0.0057982164
0.44930515,0.005044002
0.40578553,0.0050843447
0.26822272,0.0058652177
0.2599804,0.005455787
0.34298453,0.005521017
0.39032108,0.004624177
0.3164946,0.005069794
0.40598688,0.006226557
0.29356083,0.004047257
0.32564595,0.00578143
0.445816,0.005306401
0.6016295,0.005747077
0.34858942,0.006143987
0.5175371,0.0052383
0.3970793,0.003972242
0.59095854,0.005231476
0.6290644,0.0052111237
0.37107682,0.004922975
0.87209445,0.004540434
0.24498412,0.0059056007
0.532271,0.0056443787
0.35247716,0.0058106957
0.38007167,0.0042102914
0.2546255,0.0051371492
0.5912475,0.0043751453
0.45301595,0.0055279676
0.4926982,0.004795187
0.36252692,0.004604726
0.26957223,0.0048498716
0.13567984,0.0050276397
0.21728428,0.0048169773
0.28247017,0.0048008873
0.6063882,0.0052517643
0.33409035,0.005692016
0.3230425,0.0049755126
0.22490549,0.0052885576
0.32030705,0.005374772
0.4631278,0.004585531
0.30379742,0.005417722
0.3849753,0.005262789
0.4698421,0.0061316513
0.27574947,0.006273405
0.8268946,0.0047814595
0.38434574,0.0063412203
0.4784284,0.004245777
0.41893187,0.0045482395
0.40199453,0.005863284
0.45007893,0.0048962734
0.34859452,0.0057870895
0.28240278,0.005356716
0.34698835,0.005050129
0.26934448,0.0039970023
0.39138243,0.005024753
0.44120494,0.005481009
0.29123828,0.005918866
0.2346848,0.005721339
0.41220143,0.004734334
0.50713027,0.0054150177
0.38486534,0.005110782
0.4163847,0.004780643
0.24787848,0.0055941544
0.48724717,0.0056581423
0.32531458,0.005502393
0.32400998,0.0055964133
0.40022546,0.0057991636
0.45409018,0.0060219676
0.26448768,0.005010595
0.45847535,0.005670858
0.37350655,0.0050515095
0.21503793,0.003996498
0.33235636,0.0049015875
0.18931834,0.0047319056
0.30202198,0.004719949
0.28897202,0.006122538
0.6134965,0.00534986
0.302314,0.003747342
0.35223094,0.006099296
0.52078116,0.005657386
0.28656915,0.005806035
0.45507792,0.005463299
0.5720399,0.0050973794
0.59637964,0.005142388
0.35341442,0.005687812
0.19918045,0.005698927
0.542294,0.004878793
0.57276267,0.0045057805
0.44765404,0.004286346
0.35383138,0.0049692118
0.39014363,0.0052930573
0.52959406,0.004150186
0.3721991,0.0045828503
0.35235405,0.005356487
0.2911925,0.0047234506
0.3093757,0.005321784
0.3575504,0.0046796007
0.32419977,0.0055465717
0.45568377,0.004676522
0.44706574,0.0044370387
0.28994852,0.0064221886
0.42877597,0.0053966804
0.27456406,0.0050264443
0.22110073,0.0053867446
0.21374072,0.005593556
0.46240595,0.0044660717
0.37234738,0.005279279
0.39621732,0.00480314
0.52214456,0.0045263027
0.3466274,0.0061396733
0.5068297,0.0053092567
0.40387425,0.0057854946
0.22398417,0.005647387
0.32235888,0.0057348646
0.34544817,0.0049748113
0.36112857,0.0063824574
0.56473845,0.0052270093
0.6015785,0.004516968
0.3349806,0.0050866357
0.2871434,0.0049473513
0.31853217,0.005816886
0.24488679,0.005654053
0.27346528,0.0063332557
0.33650178,0.0049593714
0.44128415,0.0047367397
0.3703965,0.005281337
0.40085143,0.0044524283
0.46931243,0.0042567137
0.59350514,0.0052694897
0.42669588,0.006022585
0.16711983,0.0063415216
0.36920762,0.0053009
0.34842974,0.005967968
0.44191805,0.0048796614
0.42418242,0.005242844
0.2945118,0.005895487
0.35928908,0.0037886596
0.26549685,0.005078426
0.5374585,0.005520215
0.3978416,0.00457558
0.32547325,0.0052927607
0.25627866,0.0052464865
0.39483386,0.0054060644
0.297567,0.0043923124
0.21129653,0.005320181
0.51405776,0.005688475
0.28912255,0.005588812
0.4944708,0.00550047
0.14046766,0.0060508554
0.322343,0.0051998263
0.39652744,0.005911723
0.39617515,0.005847617
0.4270599,0.00524838
0.25956184,0.005428388
0.3958529,0.0056131408
0.38828635,0.0064583495
0.37396768,0.0050302916
0.25563437,0.0064984737
0.2977368,0.006082041
0.30588135,0.00574777
0.52259004,0.0054883016
0.26288527,0.005176073
0.39881226,0.005349241
0.49148357,0.004603861
0.40733543,0.005387017
0.28777713,0.0055288402
0.25131622,0.005560567
0.33751085,0.0054132114
0.4894105,0.0056248973
0.21331248,0.0061737224
0.343533,0.005578637
0.22074544,0.005250122
0.43093845,0.0039815973
0.30429018,0.005385064
0.35875258,0.0060173585
0.30019635,0.006137484
0.34114742,0.004088549
0.24231002,0.0057425024
0.5122258,0.0046952823
0.2089385,0.005175293
0.38803774,0.0059852027
0.24176788,0.0047869286
0.32906082,0.0049923696
0.3505362,0.005688153
0.45050758,0.0054186718
0.36373994,0.0059935893
0.2107707,0.006392541
0.24520686,0.005755675
0.35103443,0.0063922107
0.54062945,0.004563797
0.4306965,0.0057865996
0.37924835,0.0055576134
0.45712838,0.005253468
0.43739468,0.0057681957
0.41998306,0.005518344
0.40910113,0.0051083304
0.55200875,0.004424838
0.43053564,0.0054941443
0.5924806,0.0052515324
0.23445645,0.0048322557
0.483077,0.0037093908
0.30097595,0.004633422
0.49416754,0.004588459
0.19174303,0.0052771475
0.30722433,0.006064494
0.3288389,0.005065861
0.43136284,0.0054472485
0.45686957,0.0047910563
0.3145221,0.005407518
0.31776527,0.0054735993
0.501577,0.0054101003
0.3226918,0.004515246
0.31712133,0.005550437
0.4893875,0.0062266355
0.8085275,0.00517114
0.21424732,0.005366207
0.23247378,0.005631506
0.37671378,0.00503953
0.21766841,0.0048556197
0.32857996,0.0051389695
0.39838925,0.006254583
0.24233045,0.005087702
0.45811772,0.005407087
0.4070662,0.006568338
0.37188518,0.005739842
0.2623617,0.0044522653
0.26568305,0.005907913
0.36146945,0.0060707857
0.31260255,0.0052669207
0.5002584,0.0037365
0.42387748,0.004976777
0.23174258,0.0053718723
0.37705523,0.0053728893
0.31864354,0.0053174375
0.3931474,0.0054355557
0.40509644,0.005191071
0.31146744,0.004841231
0.33474413,0.0059433263
0.4148143,0.005395155
0.40212008,0.005726045
0.32839978,0.005033453
0.38919556,0.004532222
0.5256989,0.0047786725
0.38470078,0.0061457045
0.35440093,0.0052854414
0.25435477,0.006487367
0.34891376,0.004420092
0.3390836,0.0061144154
0.30836597,0.006084294
0.38045844,0.0049105445
0.21917118,0.0056956
0.30758715,0.0048402483
0.33613592,0.005281115
0.19673389,0.005066446
0.48314178,0.0050924476
0.2217747,0.0053760577
0.286206,0.004959445
0.48267308,0.0048117125
0.33817345,0.005080205
0.4110377,0.005353775
0.39765856,0.0058232844
0.4320319,0.0052721533
0.2028883,0.0052532176
0.22156155,0.005941051
0.26974624,0.006387144
0.43287537,0.0053887498
0.3410567,0.0052491175
0.27311537,0.005699057
0.39452055,0.0052114096
0.28480628,0.005947752
0.27367085,0.006366251
0.4182808,0.0064926688
0.4013578,0.0051255873
0.44753957,0.0052862205
0.31848302,0.0054654675
0.4248944,0.0051483237
0.17334597,0.005739322
0.430012,0.0043733465
0.37198564,0.0054613994
0.30675066,0.005117562
0.23734346,0.0053445892
0.3788493,0.005928971
0.24408309,0.005140681
0.23172034,0.003358532
0.3719809,0.00540397
0.26921988,0.005256637
0.3199341,0.0043903086
0.33577362,0.0050055496
0.16976552,0.0058160485
0.49766833,0.0052843047
0.27019468,0.007036916
0.3124274,0.0059302733
0.5068091,0.005098141
0.34961775,0.005085518
0.3711679,0.005565956
0.398651,0.0052601644
0.2761016,0.0068667545
0.62009484,0.0043962984
0.34564957,0.005643459
0.077659175,0.0065348246
0.505494,0.005901498
0.21177597,0.004770741
0.44057232,0.006310018
0.3336773,0.0053112335
0.4692599,0.0056364127
0.3584194,0.0050242543
0.40918523,0.006214684
0.21645772,0.00543334
0.3854224,0.0046479176
0.3886671,0.0067295446
0.22698721,0.0058699935
0.102319546,0.005574169
0.27832246,0.0061220494
0.5910453,0.0052566174
0.22017382,0.005873013
0.35882688,0.0053873765
0.3592249,0.0049862857
0.27785042,0.0056186337
0.22435385,0.0052743047
0.283724,0.004416484
0.27731246,0.0050329682
0.27791297,0.005410613
0.30209616,0.006144861
0.3148782,0.005622559
0.2545988,0.006129726
0.22332922,0.0062171426
0.4981439,0.0061897063
0.42685953,0.005527831
0.22568183,0.0053895293
0.2437426,0.0044311318
0.2842976,0.0052521084
0.25782186,0.00557231
0.27964354,0.004581698
0.32732132,0.0060254764
0.40146336,0.005124881
0.25818652,0.005287892
0.3208198,0.0053832517
0.21829249,0.0057299016
0.24123478,0.0053386507
0.148921,0.005737653
0.18562603,0.00649511
0.25211975,0.0049633193
0.20454192,0.0044128536
0.29993927,0.005180946
0.20458136,0.0061001386
