g band,r band,average stellar age [Gyr]
-24.627159118652344,-24.97745704650879,12.261072631120268
-23.992015838623047,-24.023204803466797,11.67125749589605
-24.7467098236084,-24.77061653137207,11.554451537054875
-22.29113006591797,-22.325727462768555,11.638273568938411
-22.50983238220215,-22.533306121826172,11.684058142311995
-22.342161178588867,-22.475967407226562,11.731111115413508
-21.254419326782227,-21.344816207885742,11.74806921525994
-20.389257431030273,-20.431468963623047,11.679818922993348
-22.018211364746094,-22.048946380615234,11.636199390639325
-20.078786849975586,-20.128307342529297,11.75503883151008
-20.49778175354004,-20.48989486694336,11.573672686401567
-21.78328514099121,-21.733089447021484,11.172526289405562
-19.6278018951416,-19.711410522460938,11.860474318050112
-19.06664276123047,-19.216196060180664,11.89512102475724
-20.05842399597168,-20.168745040893555,11.665180037693055
-20.618511199951172,-20.690319061279297,11.536231132952391
-19.642908096313477,-19.702058792114258,11.648261966775776
-19.68243408203125,-19.738012313842773,11.690314413275981
-19.168081283569336,-19.667264938354492,12.27493170730343
-20.951065063476562,-20.899320602416992,11.21204063909289
-25.646038055419922,-25.85810089111328,12.06989551142576
-24.667577743530273,-24.67709732055664,11.300583985718337
-22.954072952270508,-22.95737075805664,11.591403815172152
-22.235504150390625,-22.285018920898438,11.536556151432686
-22.374347686767578,-22.434186935424805,11.800000525537131
-22.125293731689453,-22.29265022277832,11.815207977969337
-21.793643951416016,-21.747657775878906,11.26584769935893
-20.738649368286133,-20.892518997192383,11.993822064512472
-19.969234466552734,-19.947311401367188,11.730656882335667
-19.66998291015625,-19.991687774658203,11.920500575104525
-20.853227615356445,-20.861305236816406,11.291190478400512
-18.76929473876953,-19.211645126342773,12.088157452151473
-19.81258201599121,-19.9160099029541,11.377595906208212
-24.883533477783203,-25.116971969604492,12.1138092742593
-23.319080352783203,-23.69171714782715,11.902879365342288
-22.725454330444336,-22.810251235961914,11.871314217612335
-22.27524757385254,-22.299633026123047,11.550883559565087
-20.415075302124023,-20.460283279418945,11.718816615314967
-20.30849838256836,-20.332199096679688,11.738136932527766
-19.180843353271484,-19.318147659301758,11.894283196714944
-20.726633071899414,-20.821765899658203,11.491020117082922
-20.738035202026367,-20.72057342529297,11.534077047893193
-24.785139083862305,-24.9603214263916,12.243713459579425
-24.300479888916016,-24.2928409576416,11.67743444467212
-24.167285919189453,-24.320621490478516,11.991286099235205
-22.554977416992188,-22.598522186279297,11.767570420442276
-21.327564239501953,-21.408239364624023,11.735193478392171
-21.694272994995117,-21.635272979736328,11.551129788587387
-22.094926834106445,-22.11250114440918,11.423952762115777
-23.579818725585938,-23.889781951904297,12.363170487298484
-23.3541316986084,-23.451881408691406,11.656502337234885
-23.743526458740234,-23.706369400024414,11.477847465828619
-22.540958404541016,-22.5647029876709,11.586074541706983
-21.986047744750977,-21.96138572692871,11.373855151724785
-21.482189178466797,-21.484180450439453,11.543483985677021
-19.75491714477539,-19.816179275512695,11.543730845153904
-19.514131546020508,-19.575199127197266,11.867972999864122
-19.610198974609375,-19.64773941040039,11.779250728577123
-19.78948211669922,-19.818700790405273,11.588134915269887
-19.787389755249023,-19.825366973876953,11.50317816852926
-21.077075958251953,-21.07309913635254,11.268541487661441
-25.217029571533203,-25.348047256469727,12.179676777406405
-19.7966365814209,-19.825763702392578,11.882726907626937
-20.559667587280273,-20.541561126708984,11.498461002849407
-21.42361068725586,-21.5837345123291,11.821356933168984
-20.561853408813477,-20.58467674255371,11.477339278562908
-24.848764419555664,-24.89790916442871,11.48893501083472
-23.380237579345703,-23.527006149291992,11.953562815467913
-23.105741500854492,-23.13150405883789,11.721098642481472
-22.47178077697754,-22.535842895507812,11.694937244909339
-21.428340911865234,-21.39468002319336,11.560712833223784
-19.755300521850586,-20.07253074645996,11.833977130978289
-19.25583267211914,-19.37947654724121,11.910762790574276
-19.86772918701172,-19.84128189086914,11.297718169051652
-24.69270133972168,-24.86051368713379,11.790479480583267
-22.33635711669922,-22.324079513549805,11.565367372188678
-22.635242462158203,-22.719215393066406,11.817060066717904
-20.439449310302734,-20.529510498046875,11.743334539882493
-19.523256301879883,-19.66192054748535,11.84335041218683
-21.478858947753906,-21.412019729614258,11.400153408774807
-19.746553421020508,-19.951820373535156,11.727020791563444
-18.958276748657227,-19.239116668701172,12.019332293139373
-25.508440017700195,-25.467891693115234,11.489503910074275
-23.473773956298828,-23.46952247619629,11.489124911138315
-22.0873966217041,-22.220001220703125,11.783351029862725
-23.045791625976562,-23.04279136657715,11.331324656287013
-20.44234848022461,-20.459970474243164,11.50939059395781
-24.87085723876953,-24.893842697143555,11.832346508855538
-23.866395950317383,-23.953271865844727,11.841710539192706
-21.521337509155273,-21.485158920288086,11.390694297625851
-21.769081115722656,-21.943330764770508,12.058733793318991
-21.690555572509766,-21.599809646606445,11.449677023595033
-23.683622360229492,-23.978307723999023,12.237640049429269
-23.813125610351562,-23.877151489257812,11.82251127256965
-21.093307495117188,-21.205472946166992,11.57635352002557
-24.719654083251953,-24.79805564880371,11.838184398479967
-22.483983993530273,-22.47402000427246,11.476513404694533
-22.523414611816406,-22.762760162353516,12.162145026792171
-22.260818481445312,-22.290708541870117,11.542248394716234
-22.497737884521484,-22.555831909179688,11.573429139314554
-24.989469528198242,-25.10408592224121,11.568897724220516
-21.281309127807617,-21.347278594970703,11.87385618060514
-20.603103637695312,-20.55716896057129,11.526623563120813
-20.360837936401367,-20.612462997436523,11.650560583114505
-19.05678367614746,-19.34937286376953,11.700931897876336
-23.931394577026367,-23.93695068359375,11.555680461802591
-23.30832862854004,-23.29332160949707,11.589951709701376
-22.43190574645996,-22.439105987548828,11.547232963630755
-21.414047241210938,-21.502439498901367,11.64028652595059
-21.02552032470703,-21.001964569091797,11.462557636737554
-25.35451316833496,-25.356714248657227,11.37126964647042
-21.177427291870117,-21.216833114624023,11.694475462880433
-20.40792465209961,-20.420082092285156,11.68173633128969
-21.457015991210938,-21.486278533935547,11.363015001611485
-20.106863021850586,-20.30510139465332,11.723036618082553
-19.106117248535156,-19.336645126342773,11.648615677530856
-24.427453994750977,-24.465944290161133,11.715388818316807
-23.000490188598633,-23.105831146240234,11.740285396468856
-22.854991912841797,-22.824390411376953,11.331897356469483
-19.927993774414062,-19.921968460083008,11.322110817126362
-23.550777435302734,-23.643434524536133,11.529258326514242
-23.31049919128418,-23.38857078552246,11.847323430754642
-22.65581512451172,-22.698440551757812,11.743560383348994
-20.956384658813477,-20.989465713500977,11.6364364310077
-19.955442428588867,-20.015544891357422,11.600578944405644
-23.66432762145996,-23.998689651489258,12.326902360270415
-21.94850730895996,-22.05874252319336,11.813463248041632
-23.27075958251953,-23.28807258605957,11.561632417815018
-23.116565704345703,-23.100400924682617,11.404215206936955
-23.671035766601562,-23.783138275146484,11.828462106027743
-20.672527313232422,-20.701461791992188,11.527619006693929
-21.918912887573242,-21.939044952392578,11.501355526621552
-24.29193115234375,-24.389938354492188,11.860261237427526
-21.076936721801758,-21.012279510498047,11.553836609343891
-20.21097755432129,-20.245485305786133,11.49537408900962
-24.332338333129883,-24.479991912841797,11.846357662591476
-19.732545852661133,-19.81072425842285,11.888408544048266
-23.12871551513672,-23.163089752197266,11.687536069303118
-22.47018051147461,-22.430240631103516,11.410490944436289
-21.711956024169922,-21.750102996826172,11.6679871723845
-21.736770629882812,-21.746967315673828,11.529110950969288
-19.730138778686523,-19.744613647460938,11.705072481902594
-22.780221939086914,-22.786867141723633,11.619893843028647
-22.590364456176758,-22.60138511657715,11.431943255765836
-22.682626724243164,-22.69912338256836,11.627644918298069
-21.624174118041992,-21.663148880004883,11.6534451549404
-19.691335678100586,-19.729881286621094,11.61307455311102
-22.9127254486084,-22.952909469604492,11.629667592842345
-23.048316955566406,-23.080154418945312,11.688230949979305
-21.696300506591797,-21.69794273376465,11.485709157852087
-20.865650177001953,-20.866296768188477,11.598650377120086
-23.439476013183594,-23.54218101501465,11.880091078421113
-21.70944595336914,-21.674972534179688,11.540517527173071
-21.706228256225586,-21.721973419189453,11.560222550574954
-19.684574127197266,-19.826011657714844,12.117138221143007
-20.833093643188477,-20.70663833618164,11.152128508282065
-24.058950424194336,-24.174922943115234,11.810461027066474
-19.806556701660156,-19.81306266784668,11.693551424278407
-24.286476135253906,-24.373607635498047,11.613493931693592
-18.657217025756836,-18.979448318481445,11.751219589795667
-21.751991271972656,-21.748567581176758,11.680574467401485
-21.25755500793457,-21.271587371826172,11.66938936330064
-22.457324981689453,-22.54570770263672,11.711898350830646
-21.11459732055664,-21.051942825317383,11.37219818605268
-20.285646438598633,-20.26005744934082,11.448713251778734
-23.37976837158203,-23.406234741210938,11.835016444714663
-22.738019943237305,-22.79115104675293,11.667519585777875
-20.95090675354004,-20.969629287719727,11.626930591776311
-24.330631256103516,-24.404380798339844,11.592008289534528
-24.126829147338867,-24.16266632080078,11.468494052280546
-19.591196060180664,-19.642864227294922,11.513147563759556
-23.90559196472168,-24.06192398071289,11.90178411889655
-23.074167251586914,-23.103572845458984,11.59690135956725
-22.131961822509766,-22.161104202270508,11.64058251315866
-20.32710075378418,-20.32154083251953,11.496067304070813
-23.685420989990234,-23.736082077026367,11.555066024312707
-20.346906661987305,-20.407329559326172,11.552852777696266
-24.289180755615234,-24.308399200439453,11.554451537054875
-24.06036376953125,-24.162473678588867,11.744039824019088
-24.24479866027832,-24.20588493347168,11.41416111097099
-21.835657119750977,-21.873083114624023,11.644957191424377
-19.478769302368164,-19.62033462524414,11.670819732420053
-23.68071174621582,-23.656274795532227,11.453785813122325
-21.943130493164062,-21.967763900756836,11.486974672530756
-20.8665714263916,-20.831863403320312,11.372993538504335
-23.104663848876953,-23.121938705444336,11.561203474404467
-22.36470603942871,-22.394420623779297,11.638924983255027
-21.66277503967285,-21.711505889892578,11.741753996968994
-23.904726028442383,-24.0028133392334,11.771137117695696
-23.045921325683594,-23.012039184570312,11.491020117082922
-19.78437614440918,-19.776081085205078,11.712413642596516
-21.790212631225586,-21.73579216003418,11.430648365947425
-20.586103439331055,-20.57258415222168,11.459103924949744
-22.663328170776367,-22.64775848388672,11.340975913950825
-21.829870223999023,-21.887968063354492,11.758626977195911
-20.749967575073242,-20.756065368652344,11.638806601318187
-21.06096076965332,-21.122024536132812,11.547926625547802
-23.326671600341797,-23.268022537231445,11.45230997841729
-21.732357025146484,-21.754940032958984,11.58048996339527
-20.286500930786133,-20.280027389526367,11.415057023290466
-23.83201026916504,-23.901098251342773,11.50031776022498
-18.84168243408203,-19.048503875732422,11.619893843028647
-23.786640167236328,-23.773136138916016,11.441503082543873
-22.819931030273438,-22.712011337280273,11.13731013669944
-23.809940338134766,-23.81433868408203,11.663833790613515
-20.678565979003906,-20.724964141845703,11.70645085496603
-22.871095657348633,-22.91128158569336,11.680109629943496
-22.649635314941406,-22.657569885253906,11.554451537054875
-23.449962615966797,-23.534807205200195,11.983857539645081
-21.33683204650879,-21.44346046447754,11.751894031875606
-20.7698974609375,-20.779521942138672,11.447684414736994
-23.72297477722168,-23.837968826293945,11.84335041218683
-22.49093246459961,-22.425981521606445,11.37034100405324
-21.201480865478516,-21.162988662719727,11.397529840314574
-23.025524139404297,-23.101016998291016,11.757282025524535
-21.637771606445312,-21.67368507385254,11.707828381421425
-19.90450096130371,-19.890972137451172,11.522638934167714
-22.852930068969727,-23.07350730895996,12.342732059427775
-19.948219299316406,-19.924169540405273,11.391483900054595
-19.736167907714844,-19.764190673828125,11.61379333474124
-23.819934844970703,-23.92173957824707,11.86560945286015
-23.560089111328125,-23.65658950805664,11.718859387584253
-20.891401290893555,-20.792619705200195,11.217025250291018
-22.679256439208984,-22.718351364135742,11.59164561081624
-20.966236114501953,-20.939064025878906,11.547433170171844
-20.098962783813477,-20.081661224365234,11.493545297558546
-23.622758865356445,-23.626689910888672,11.414014367659176
-20.49081802368164,-20.495527267456055,11.496571529320395
-23.0145263671875,-23.06108856201172,11.4647935483225
-21.73923683166504,-21.80531883239746,11.716989190314226
-20.00528907775879,-19.972572326660156,11.421825485964556
-23.5371150970459,-23.55945587158203,11.429871253559687
-23.22832489013672,-23.236419677734375,11.495941341098812
-23.369260787963867,-23.414974212646484,11.574891472145332
-23.11686897277832,-23.264266967773438,11.826457868308088
-20.515094757080078,-20.499723434448242,11.498586925307606
-23.225996017456055,-23.406877517700195,12.036789410478795
-22.753768920898438,-22.79134178161621,11.723834056930082
-20.682937622070312,-20.705055236816406,11.526125989167396
-20.14252281188965,-20.17165756225586,11.686145526596794
-23.795618057250977,-23.79588508605957,11.479529616975698
-20.857177734375,-20.840688705444336,11.555342976551602
-23.368820190429688,-23.363744735717773,11.532836412173321
-20.494932174682617,-20.515697479248047,11.441825697109616
-21.637666702270508,-21.531469345092773,11.286498212597401
-23.718385696411133,-23.849225997924805,11.656267304561279
-23.49660873413086,-23.607526779174805,11.909749795179868
-23.68743324279785,-23.758522033691406,11.894492710778765
-20.662824630737305,-20.717653274536133,11.759074981806258
-23.29227638244629,-23.429336547851562,11.863721977714976
-21.211795806884766,-21.2540340423584,11.62132690135849
-23.507265090942383,-23.617828369140625,11.663541069478807
-23.199565887451172,-23.21730613708496,11.454908041454955
-20.174808502197266,-20.16986083984375,11.391089108233599
-23.63703155517578,-23.728418350219727,11.754477536849587
-23.50125503540039,-23.62200355529785,11.817665584356163
-23.498394012451172,-23.539060592651367,11.669330904134009
-23.164527893066406,-23.182668685913086,11.569401869482393
-22.884992599487305,-22.931640625,11.80098848953815
-20.18171501159668,-20.272186279296875,11.869723897402771
-22.059499740600586,-22.031578063964844,11.427278621707165
-22.36348533630371,-22.372560501098633,11.559241109116346
-21.573606491088867,-21.597911834716797,11.631688545324854
-21.925783157348633,-21.958925247192383,11.65978986676443
-21.133249282836914,-21.1865291595459,11.611636391106913
-21.51336097717285,-21.50933265686035,11.502361296812982
-20.5954532623291,-20.554773330688477,11.773474399794589
-22.035051345825195,-22.05567169189453,11.571110955172939
-19.82608413696289,-19.816524505615234,11.555312117775893
-23.772510528564453,-23.734275817871094,11.411666117386956
-23.193706512451172,-23.20719337463379,11.501543946301306
-20.650432586669922,-20.65949058532715,11.55948667661627
-22.888473510742188,-22.989492416381836,11.642918706864565
-20.926986694335938,-20.974227905273438,11.757954534832006
-23.695205688476562,-23.734054565429688,11.508465903861255
-23.61194610595703,-23.610729217529297,11.566101503337913
-21.78895378112793,-21.81270408630371,11.420005241441931
-22.766429901123047,-22.837797164916992,11.70897560187901
-19.898151397705078,-19.932214736938477,11.502612620803488
-20.855724334716797,-20.825122833251953,11.573002036071475
-22.90752601623535,-22.93457794189453,11.52014474962977
-21.420400619506836,-21.392240524291992,11.371866433826751
-21.90544891357422,-21.839672088623047,11.379877571623235
-20.305612564086914,-20.290922164916992,11.422865159707529
-20.294776916503906,-20.271900177001953,11.427019352766594
-22.95745277404785,-23.042654037475586,11.441696494297956
-19.663127899169922,-19.809946060180664,11.679179479251594
-23.17831039428711,-23.21533203125,11.80990777662642
-23.13150405883789,-23.150678634643555,11.583283942085213
-22.24308967590332,-22.27018928527832,11.517648190369403
-21.46072769165039,-21.459714889526367,11.401857783565864
-23.00139617919922,-23.009353637695312,11.42383916251399
-20.59197998046875,-20.61520767211914,11.368349453110536
-23.326337814331055,-23.30155372619629,11.539280282276414
-22.114513397216797,-22.132610321044922,11.479625075429569
-21.832815170288086,-21.861003875732422,11.632638989443134
-23.082931518554688,-23.126047134399414,11.635250378786855
-23.13363265991211,-23.290239334106445,11.891643124405483
-22.94352912902832,-23.004060745239258,11.519396376599126
-22.876819610595703,-22.945526123046875,11.746886473369534
-22.43492317199707,-22.525020599365234,11.771137117695696
-20.701385498046875,-20.7061767578125,11.496823432982053
-22.779598236083984,-22.87462043762207,11.757282025524535
-21.1951904296875,-21.17584991455078,11.53952766897623
-22.38532829284668,-22.45804786682129,11.64058251315866
-21.406923294067383,-21.492013931274414,11.759970901836455
-22.104713439941406,-22.111345291137695,11.650148158974488
-23.114028930664062,-23.235061645507812,11.904703479359224
-23.709468841552734,-23.65329933166504,11.378290496293488
-23.330991744995117,-23.336549758911133,11.538537682719241
-20.526498794555664,-20.48407554626465,11.590919811519338
-23.470632553100586,-23.50477409362793,11.723378388884509
-23.072795867919922,-23.08675193786621,11.559179813601132
-22.37354278564453,-22.715391159057617,12.302301995397105
-22.060739517211914,-22.018171310424805,11.455645160262108
-20.190933227539062,-20.186670303344727,11.656737362198761
-20.162260055541992,-20.16722869873047,11.676386756326279
-22.84794807434082,-22.984432220458984,11.845069495439745
-22.93491554260254,-23.01777458190918,11.648438824326036
-22.788923263549805,-22.809537887573242,11.600820052767745
-21.197410583496094,-21.183910369873047,11.627883011572544
-21.468189239501953,-21.47385025024414,11.585953554364641
-21.564788818359375,-21.59796905517578,11.611636391106913
-22.896028518676758,-22.903934478759766,11.492283202626295
-23.010961532592773,-22.963788986206055,11.412188008889663
-22.508638381958008,-22.615251541137695,11.722922690716944
-21.472761154174805,-21.497249603271484,11.589467222698627
-21.538650512695312,-21.550052642822266,11.608396976614713
-20.346776962280273,-20.34383201599121,11.662369487404227
-19.710886001586914,-19.77553367614746,11.887883210691971
-19.82480812072754,-19.86500358581543,11.889458892146061
-21.870590209960938,-21.918428421020508,11.572941242029396
-22.045862197875977,-22.07915687561035,11.561203474404467
-22.595935821533203,-22.56525230407715,11.5018582312316
-22.02269744873047,-22.019540786743164,11.441632288450705
-20.16386604309082,-20.209186553955078,11.453336640360684
-22.85981559753418,-22.836299896240234,11.508513064535778
-22.56635093688965,-22.605880737304688,11.645075279667822
-19.659509658813477,-19.708377838134766,11.734513570954704
-21.736080169677734,-21.693166732788086,11.436340290377922
-20.71198081970215,-20.683521270751953,11.325354408996802
-23.405786514282227,-23.383169174194336,11.745435527152605
-22.57233428955078,-22.61618995666504,11.614182637334633
-22.829544067382812,-22.939064025878906,11.81239920101719
-23.198564529418945,-23.207298278808594,11.76659416691211
-22.11106300354004,-22.073904037475586,11.49795729275969
-21.316387176513672,-21.286849975585938,11.416620757887824
-21.552160263061523,-21.50865936279297,11.635962149322244
-22.460535049438477,-22.759769439697266,12.025300448353624
-22.757986068725586,-22.833070755004883,11.725541780709861
-22.77269172668457,-22.766206741333008,11.524133803378126
-22.732187271118164,-22.73872184753418,11.604190669372294
-20.277734756469727,-20.35960578918457,11.774141882512172
-22.815954208374023,-22.8199405670166,11.558796412556305
-22.780122756958008,-22.835073471069336,11.804936223758194
-21.8486270904541,-21.856098175048828,11.648261966775776
-22.115318298339844,-22.07390785217285,11.517648190369403
-21.61774444580078,-21.595741271972656,11.293413845215369
-20.99009132385254,-20.991025924682617,11.530601822322865
-21.436189651489258,-21.400541305541992,11.455773347916253
-20.577959060668945,-20.551677703857422,11.63691068165659
-21.69437026977539,-21.722932815551758,11.670615548927907
-22.432762145996094,-22.491201400756836,11.64401202991161
-22.621671676635742,-22.681562423706055,11.739465880520129
-20.29546546936035,-20.360017776489258,11.69724493242657
-22.836030960083008,-22.892688751220703,11.755375396030907
-22.088865280151367,-22.118234634399414,11.605393215195525
-19.62024688720703,-19.663740158081055,11.721098642481472
-22.0769100189209,-22.085920333862305,11.6679871723845
-21.51942253112793,-21.433530807495117,11.527619006693929
-22.95294189453125,-23.011829376220703,11.588740821937591
-23.04854393005371,-23.114999771118164,11.773696964568645
-22.221054077148438,-22.23456382751465,11.607556256302125
-22.01165008544922,-22.057573318481445,11.534572932699405
-21.056119918823242,-21.111024856567383,11.434271791405482
-22.250141143798828,-22.28727912902832,11.672424348857126
-21.727197647094727,-21.784982681274414,11.743560383348996
-21.7925968170166,-21.74317741394043,11.490009738830839
-22.84759521484375,-22.86077117919922,11.41649035868933
-22.682096481323242,-22.71538734436035,11.638806601318189
-22.977235794067383,-23.020679473876953,11.583891021326142
-22.209447860717773,-22.208885192871094,11.526125989167397
-19.955232620239258,-19.96390724182129,11.660904306276176
-22.909038543701172,-23.00120735168457,11.614871084597901
-22.702817916870117,-22.737045288085938,11.574160536162992
-21.5191707611084,-21.515594482421875,11.455901533519521
-21.78748893737793,-21.787067413330078,11.489503910074273
-23.008344650268555,-23.03702163696289,11.478165066304733
-23.07976722717285,-23.086872100830078,11.532340023401984
-22.61329460144043,-22.609336853027344,11.684754133681748
-22.425771713256836,-22.470558166503906,11.586074541706983
-21.011423110961914,-21.016368865966797,11.601060959148997
-21.95806884765625,-21.924896240234375,11.444080468318926
-22.08026695251465,-22.128915786743164,11.656502337234883
-20.80453109741211,-20.838674545288086,11.65626730456128
-22.39155387878418,-22.668502807617188,12.117254141639956
-22.748567581176758,-22.766239166259766,11.530787964988741
-22.947092056274414,-22.978015899658203,11.68597171343222
-22.23210334777832,-22.265003204345703,11.508889160689689
-22.992259979248047,-23.035472869873047,11.529732182477144
-22.67073631286621,-22.725963592529297,11.579760741432981
-22.34093475341797,-22.362014770507812,11.609837323357855
-22.4415283203125,-22.493206024169922,11.605814001725792
-22.48778533935547,-22.491130828857422,11.528240750608154
-21.95046615600586,-21.91013526916504,11.409315603262709
-20.286592483520508,-20.253204345703125,11.631688545324854
-22.14519691467285,-22.110355377197266,11.406701318725831
-22.856975555419922,-22.887542724609375,11.800494620385669
-22.065034866333008,-22.106403350830078,11.709434322338483
-21.265872955322266,-21.224802017211914,11.39332561473743
-22.733055114746094,-22.765378952026367,11.434271791405482
-21.795923233032227,-21.798200607299805,11.53952766897623
-22.48827362060547,-22.53163719177246,11.636258699755343
-21.616249084472656,-21.576702117919922,11.541753789320612
-22.697509765625,-22.688854217529297,11.39962916011201
-19.97627830505371,-19.958654403686523,11.510142290348721
-21.09368133544922,-21.072296142578125,11.58558941341255
-20.817415237426758,-20.808717727661133,11.57196535238245
-22.545597076416016,-22.516231536865234,11.522389434245037
-21.208377838134766,-21.195600509643555,11.555312117775891
-21.123882293701172,-21.12761688232422,11.561816243254379
-22.08340835571289,-22.1373348236084,11.73315317248214
-19.36810302734375,-19.435165405273438,11.834085236413246
-22.724300384521484,-22.693578720092773,11.423319602901179
-22.32756805419922,-22.338773727416992,11.485582634622052
-22.74654197692871,-22.743282318115234,11.690661437361467
-21.74030113220215,-21.754440307617188,11.500726510288182
-20.988744735717773,-21.04088020324707,11.650737384161268
-22.89615821838379,-22.954837799072266,11.70897560187901
-22.34434700012207,-22.36208152770996,11.55223772050197
-20.40715980529785,-20.424880981445312,11.700701782746721
-21.43552017211914,-21.4521427154541,11.575653112720417
-20.408851623535156,-20.420711517333984,11.730202809830754
-21.854780197143555,-21.8847713470459,11.586074541706983
-22.155519485473633,-22.233089447021484,11.769800349598585
-22.552080154418945,-22.585115432739258,11.55334470945298
-22.36239242553711,-22.401708602905273,11.688925762029971
-22.598079681396484,-22.567197799682617,11.595512882515619
-22.12504768371582,-22.13153648376465,11.565611960483231
-21.449386596679688,-21.451147079467773,11.649205221107799
-20.122079849243164,-20.128253936767578,11.673590433519399
-21.389848709106445,-21.419513702392578,11.685218089758429
-20.69614601135254,-20.69755744934082,11.635962149322246
-22.843158721923828,-22.891014099121094,11.710580704256289
-22.416757583618164,-22.452730178833008,11.65661985068057
-21.806352615356445,-21.806793212890625,11.441503082543871
-19.921865463256836,-19.937841415405273,11.657794301278754
-22.297658920288086,-22.38658905029297,11.703923087149683
-20.816261291503906,-20.869731903076172,11.723834056930082
-19.975360870361328,-20.012432098388672,11.727020791563444
-21.850759506225586,-21.82848358154297,11.544965805097057
-20.600570678710938,-20.63005256652832,11.703808079841226
-19.666568756103516,-19.674707412719727,11.588983093024884
-21.952125549316406,-21.937744140625,11.439052138630739
-22.19075584411621,-22.196372985839844,11.574160536162992
-20.951725006103516,-20.963083267211914,11.684754133681748
-22.180072784423828,-22.17670440673828,11.442663483563452
-22.27362823486328,-22.23759651184082,11.33398501818294
-21.33873748779297,-21.351049423217773,11.752343622657923
-22.004135131835938,-22.023252487182617,11.553775270111842
-22.090238571166992,-22.05023193359375,11.367419687699956
-22.17755889892578,-22.232460021972656,11.690892841134575
-22.205001831054688,-22.24750328063965,11.558013933073063
-21.468997955322266,-21.498079299926758,11.590556690906539
-22.176807403564453,-22.19292449951172,11.481908240135311
-22.102338790893555,-22.13113784790039,11.661607576818245
-22.420032501220703,-22.430940628051758,11.574160536162992
-22.240007400512695,-22.208616256713867,11.422345538035914
-22.469743728637695,-22.528553009033203,11.707369363744164
-21.850427627563477,-21.83759880065918,11.300344968550228
-20.665019989013672,-20.61187744140625,11.203971502264093
-20.083351135253906,-20.05686378479004,11.226370942382214
-22.1782169342041,-22.17677116394043,11.60130185768113
-22.556982040405273,-22.60991859436035,11.81455385297771
-22.316673278808594,-22.34780502319336,11.643465485586283
-20.412500381469727,-20.446836471557617,11.795933354250362
-21.6486759185791,-21.607845306396484,11.463579822917701
-22.634855270385742,-22.71459197998047,11.845935046405199
-21.82408332824707,-21.78243637084961,11.496571529320395
-22.229820251464844,-22.33243179321289,11.751486600105979
-21.436105728149414,-21.447940826416016,11.56879088631813
-20.334882736206055,-20.36949348449707,11.738815527957343
-21.638498306274414,-21.68634796142578,11.592220135473747
-22.169403076171875,-22.214258193969727,11.620132770124435
-19.945159912109375,-19.990310668945312,11.774253060026425
-21.483020782470703,-21.48655128479004,11.582433948234081
-22.003267288208008,-22.035400390625,11.657383448468977
-19.61121940612793,-19.65062141418457,11.824777047520007
-20.678396224975586,-20.691299438476562,11.553590858735358
-21.658727645874023,-21.646129608154297,11.527619006693929
-19.764183044433594,-19.83416175842285,11.841199504537999
-21.218141555786133,-21.202301025390625,11.553098942923627
-22.11640167236328,-22.13053321838379,11.543236726980313
-22.362823486328125,-22.35671615600586,11.425721692832566
-21.84296989440918,-21.867652893066406,11.707598876368458
-21.182592391967773,-21.20553970336914,11.705991555124356
-20.8056640625,-20.817760467529297,11.682433127551347
-21.405288696289062,-21.405668258666992,11.580247027081594
-20.544382095336914,-20.478652954101562,11.53109871523004
-22.183372497558594,-22.192378997802734,11.493671299016848
-20.260299682617188,-20.234098434448242,11.43685703516142
-21.837074279785156,-21.8373966217041,11.549158951317654
-21.29783058166504,-21.29144287109375,11.608757089724627
-22.20525360107422,-22.19121551513672,11.46874882830911
-22.405696868896484,-22.4149112701416,11.490009738830839
-22.152816772460938,-22.2242488861084,11.750910376820599
-22.126789093017578,-22.235803604125977,11.78180065892504
-22.285768508911133,-22.289602279663086,11.583041096569055
-20.96419906616211,-20.935131072998047,11.63026216267337
-21.847963333129883,-21.864864349365234,11.450768947511637
-21.6748104095459,-21.723190307617188,11.674464631067915
-22.19770622253418,-22.235483169555664,11.574404059523555
-21.64967155456543,-21.661645889282227,11.590193552564232
-19.577295303344727,-19.622129440307617,11.701162196858231
-21.609342575073242,-21.619503021240234,11.527619006693929
-20.28067970275879,-20.301549911499023,11.595995809873596
-21.67133331298828,-21.70658302307129,11.633470260295514
-20.7480411529541,-20.733840942382812,11.800769101510745
-20.15692138671875,-20.145421981811523,11.47454287630697
-21.122753143310547,-21.108991622924805,11.493545297558548
-20.152462005615234,-20.14266586303711,11.473779475747333
-21.211782455444336,-21.216665267944336,11.560222550574952
-22.12971305847168,-22.1715030670166,11.640464158344633
-21.531110763549805,-21.529483795166016,11.598168011126068
-20.694923400878906,-20.69174575805664,11.578787685921949
-20.38018226623535,-20.443483352661133,11.728328251577116
-21.916414260864258,-21.986806869506836,11.752343622657923
-21.5784912109375,-21.583749771118164,11.526623563120813
-21.945606231689453,-21.94963836669922,11.583041096569055
-21.817174911499023,-21.816640853881836,11.526125989167397
-22.222684860229492,-22.317760467529297,11.915016181715412
-22.18256378173828,-22.375455856323242,12.101679959501077
-21.723617553710938,-21.695785522460938,11.512647158371477
-19.915071487426758,-19.92321014404297,11.574404059523555
-21.605648040771484,-21.590328216552734,11.608757089724627
-21.683141708374023,-21.703874588012695,11.404738766047215
-20.0675106048584,-20.165761947631836,11.849789075038528
-21.401277542114258,-21.354835510253906,11.4171415388433
-21.624473571777344,-21.65428352355957,11.609537177416573
-21.689918518066406,-21.703277587890625,11.603228181115405
-21.8046932220459,-21.901655197143555,11.78445778434503
-21.020780563354492,-20.993431091308594,11.483936070904509
-19.695451736450195,-19.736433029174805,11.846464998168505
-21.861980438232422,-21.918222427368164,11.718816615314969
-21.20645523071289,-21.202373504638672,11.517211278419285
-20.573467254638672,-20.59515953063965,11.569767967729316
-21.802873611450195,-21.82317543029785,11.597806021805589
-20.25130271911621,-20.27472686767578,11.914705265605281
-21.313928604125977,-21.33335304260254,11.504622921523515
-19.837188720703125,-19.816436767578125,11.47072434926764
-22.427101135253906,-22.447336196899414,11.595648866851207
-21.681371688842773,-21.71271514892578,11.582191075083736
-22.249828338623047,-22.33561134338379,11.719729669390185
-21.05072021484375,-20.979877471923828,11.232396485375158
-20.88525390625,-20.893421173095703,11.494049684986326
-20.36781120300293,-20.416828155517578,11.734286856634403
-22.171175003051758,-22.212509155273438,11.548450544758552
-21.983076095581055,-22.014394760131836,11.564143531434695
-22.175457000732422,-22.223163604736328,11.73156512783236
-21.993297576904297,-22.006959915161133,11.643952977328574
-22.231515884399414,-22.26662254333496,11.703463237904813
-21.100589752197266,-21.07778549194336,11.533084790408443
-20.466341018676758,-20.466955184936523,11.670790701038346
-20.79087257385254,-20.84050750732422,11.627883011572543
-20.733108520507812,-20.764829635620117,11.650148158974487
-20.790077209472656,-20.81849479675293,11.600338022321486
-22.3364315032959,-22.274003982543945,11.287526399464088
-22.146453857421875,-22.16607666015625,11.521890802552129
-21.619930267333984,-21.64781951904297,11.552852777696266
-21.491811752319336,-21.492835998535156,11.513648329644848
-21.434301376342773,-21.432693481445312,11.734740277770458
-21.853382110595703,-21.863033294677734,11.532092012892255
-21.51453399658203,-21.556291580200195,11.574160536162992
-21.067583084106445,-21.074785232543945,11.654856753954387
-20.5234375,-20.572107315063477,11.72064241190568
-20.255184173583984,-20.2672176361084,11.52712149701384
-20.254335403442383,-20.326332092285156,11.7281577771586
-22.242109298706055,-22.342018127441406,11.799011847296775
-21.329442977905273,-21.350229263305664,11.552852777696266
-21.256576538085938,-21.29864501953125,11.542001096020037
-21.860971450805664,-21.812007904052734,11.441503082543871
-21.068946838378906,-21.095104217529297,11.666584128062134
-21.552845001220703,-21.54778480529785,11.481908240135311
-21.75147247314453,-21.778419494628906,11.631688545324854
-20.226240158081055,-20.190256118774414,11.568057797049912
-21.539958953857422,-21.53697967529297,11.52363567654696
-22.096717834472656,-22.162729263305664,11.676852414727215
-20.97508430480957,-20.982553482055664,11.543978087849297
-21.9776668548584,-21.97068214416504,11.530353363828313
-22.087459564208984,-22.124858856201172,11.54413221927491
-21.852685928344727,-21.85155487060547,11.47225245426107
-20.07564926147461,-20.069622039794922,11.61307455311102
-20.318588256835938,-20.306501388549805,11.51889676689804
-21.49788475036621,-21.51085090637207,11.47346169946618
-21.943334579467773,-21.944358825683594,11.540764873867275
-21.931608200073242,-21.938596725463867,11.42598140020674
-22.016592025756836,-22.0136775970459,11.551376009635757
-21.856998443603516,-21.831697463989258,11.525130352751777
-21.217262268066406,-21.247295379638672,11.686609199232473
-20.907649993896484,-20.877670288085938,11.54002280978599
-20.098413467407227,-20.110599517822266,11.83105929006564
-21.44980239868164,-21.91233253479004,12.434503045365627
-22.12591552734375,-22.269397735595703,11.889248836663494
-21.676910400390625,-21.624757766723633,11.312354193629446
-20.587299346923828,-20.563186645507812,11.643775623692203
-21.123462677001953,-21.090110778808594,11.576840416471072
-21.806884765625,-21.811416625976562,11.523386601077021
-19.90062141418457,-19.886173248291016,11.681504050588396
-20.476200103759766,-20.460369110107422,11.568057797049912
-20.416900634765625,-20.406108856201172,11.687072649521163
-20.603656768798828,-20.57318878173828,11.73156512783236
-21.04905891418457,-21.047941207885742,11.539280282276417
-21.85851287841797,-21.902616500854492,11.638332861074424
-21.5538387298584,-21.550796508789062,11.474797458397497
-21.98811149597168,-22.109241485595703,11.857595069904992
-21.875471115112305,-21.839452743530273,11.363963257946802
-21.367036819458008,-21.416366577148438,11.714016230531596
-21.145055770874023,-21.134546279907227,11.602987345377162
-21.773120880126953,-21.82733726501465,11.665882117457837
-21.86758041381836,-21.845706939697266,11.482922417775471
-21.22274398803711,-21.281551361083984,11.776031459618896
-20.257286071777344,-20.29106903076172,11.836028010246823
-21.700382232666016,-21.732515335083008,11.560467695871907
-21.41781997680664,-21.4154052734375,11.56659062437448
-21.164108276367188,-21.149229049682617,11.587287029868747
-22.002613067626953,-22.05565643310547,11.57635352002557
-21.401859283447266,-21.40727424621582,11.371932785322404
-21.368406295776367,-21.446022033691406,11.704095498878477
-20.842348098754883,-20.87987518310547,11.612115938940786
-20.676435470581055,-20.62548828125,11.630143252595257
-21.50676727294922,-21.542333602905273,11.643952977328574
-21.22809600830078,-21.250829696655273,11.63406374606598
-20.97771644592285,-20.961645126342773,11.47505163763287
-21.970548629760742,-22.048995971679688,11.789817412457875
-21.323917388916016,-21.357759475708008,11.728385075443777
-21.673654556274414,-21.73990249633789,11.73745807928155
-21.636091232299805,-21.657487869262695,11.596720336171794
-21.6602840423584,-21.69200325012207,11.651267375636166
-22.10696792602539,-22.123058319091797,11.57219413660921
-21.558319091796875,-21.55797004699707,11.594305232254419
-20.63153839111328,-20.65091896057129,11.715503252036907
-20.821887969970703,-20.82185935974121,11.542001096020037
-20.389524459838867,-20.47599983215332,11.913876017291638
-19.657060623168945,-19.657718658447266,11.776920008719019
-21.559385299682617,-21.621952056884766,11.69911814772728
-20.94520378112793,-20.930070877075195,11.617981758027836
-21.708498001098633,-21.718032836914062,11.549405627088737
-21.170780181884766,-21.186986923217773,11.756384989133924
-20.751890182495117,-20.81768035888672,11.687304363225739
-20.941612243652344,-20.982656478881836,11.567568771235024
-21.885013580322266,-21.90253257751465,11.578057519199813
-21.15907096862793,-21.15511703491211,11.50110376881138
-21.17363166809082,-21.22996711730957,11.643539402722775
-21.529888153076172,-21.541336059570312,11.586317288524185
-20.940265655517578,-20.933090209960938,11.635250378786854
-21.899145126342773,-21.93842887878418,11.732699646306843
-21.56591033935547,-21.562509536743164,11.544965805097057
-21.18812370300293,-21.179412841796875,11.579274034801395
-20.796798706054688,-20.810327529907227,11.571477360029718
-21.822227478027344,-21.8555850982666,11.693320299778387
-20.289316177368164,-20.273862838745117,11.646374122712214
-21.982343673706055,-22.016071319580078,11.585710795705525
-20.226408004760742,-20.252405166625977,11.729066925199529
-21.23029136657715,-21.21809959411621,11.59961501482888
-20.7166805267334,-20.69746208190918,11.515148862787687
-21.231000900268555,-21.248533248901367,11.537918729478093
-21.488895416259766,-21.496517181396484,11.588498542966267
-21.539154052734375,-21.57522964477539,11.563408819556013
-21.61012077331543,-21.701622009277344,11.762153070088715
-21.37246322631836,-21.398866653442383,11.584012431250999
-21.585241317749023,-21.608898162841797,11.65838155064514
-21.644636154174805,-21.672700881958008,11.69401345880059
-21.37714195251465,-21.376306533813477,11.480639940545332
-20.939897537231445,-20.974435806274414,11.58558941341255
-21.255048751831055,-21.229026794433594,11.441503082543871
-21.823989868164062,-22.06729507446289,12.12084232853719
-20.366365432739258,-20.329490661621094,11.443951697829533
-21.020553588867188,-21.018390655517578,11.52911095096929
-21.586551666259766,-21.613250732421875,11.791141293648149
-21.129405975341797,-21.153894424438477,11.591887398594904
-21.024972915649414,-21.005126953125,11.496319617560154
-21.459287643432617,-21.479387283325195,11.62550114821539
-21.58770751953125,-21.619565963745117,11.570500890454843
-21.36735725402832,-21.372095108032227,11.57635352002557
-21.17567253112793,-21.118484497070312,11.458975790618014
-21.46824073791504,-21.46501350402832,11.526872534089158
-20.299530029296875,-20.3072452545166,11.725200307979872
-21.634323120117188,-21.673580169677734,11.734740277770458
-21.000646591186523,-21.035646438598633,11.709720935551584
-21.325420379638672,-21.274742126464844,11.24078166154855
-21.6585636138916,-21.69814682006836,11.623832432542283
-20.38274383544922,-20.407976150512695,11.68196860435096
-21.232498168945312,-21.230751037597656,11.511144570153977
-21.318592071533203,-21.33078384399414,11.573489929407259
-20.789440155029297,-20.796878814697266,11.826945645753959
-19.614280700683594,-19.647619247436523,11.667636533395429
-20.824792861938477,-20.920812606811523,11.896795413108862
-21.483793258666992,-21.507822036743164,11.629905426606758
-20.840627670288086,-20.83806800842285,11.587044314631925
-20.67987060546875,-20.738218307495117,11.691008444306792
-21.3172607421875,-21.31214714050293,11.365492646320638
-20.11478042602539,-20.124597549438477,11.711612018615881
-19.908910751342773,-19.9874210357666,11.836459345620352
-21.343679428100586,-21.372695922851562,11.56114219478762
-21.380264282226562,-21.410669326782227,11.625024411256543
-21.29648780822754,-21.344650268554688,11.814253968886618
-20.893661499023438,-20.860424041748047,11.370871897885905
-20.230207443237305,-20.217716217041016,11.896795413108862
-21.290584564208984,-21.366601943969727,11.750094990454938
-21.327730178833008,-21.39415168762207,11.65226825691261
-21.720252990722656,-21.67861557006836,11.46306874619376
-21.51968002319336,-21.523578643798828,11.612595261663168
-21.333444595336914,-21.331104278564453,11.625441557799766
-21.568700790405273,-21.608562469482422,11.633114068232429
-20.918148040771484,-20.95053482055664,11.574769914166996
-21.63804817199707,-21.636058807373047,11.572453313050516
-21.765871047973633,-21.82774543762207,11.700816841259218
-21.63316535949707,-21.61335563659668,11.369544600308783
-20.50857925415039,-20.58124351501465,11.892711337476563
-20.74310874938965,-20.790178298950195,11.783129732530865
-20.842851638793945,-20.837343215942383,11.616905433858173
-21.135372161865234,-21.145435333251953,11.614033042165584
-20.248273849487305,-20.263690948486328,11.671724260085407
-19.785755157470703,-19.820968627929688,11.737910719076021
-21.448463439941406,-21.453060150146484,11.544471766865644
-20.9609432220459,-20.967477798461914,11.569767967729316
-21.213478088378906,-21.258121490478516,11.483936070904509
-21.783475875854492,-21.84282684326172,11.68602965163027
-21.155614852905273,-21.197633743286133,11.649205221107799
-21.269821166992188,-21.320959091186523,11.708287368811332
-21.096967697143555,-21.14702033996582,11.668922061137447
-20.68304443359375,-20.702655792236328,11.672890844152938
-20.036718368530273,-19.97789764404297,11.571477360029718
-21.01667022705078,-21.041790008544922,11.662369487404227
-21.54444694519043,-21.62351417541504,11.813899474207036
-21.33078384399414,-21.365997314453125,11.585832176022912
-20.645132064819336,-20.649837493896484,11.53952766897623
-20.93439292907715,-20.97459602355957,11.60130185768113
-19.700027465820312,-19.72800636291504,11.68196860435096
-20.31316375732422,-20.295942306518555,11.684754133681748
-21.04688835144043,-21.074867248535156,11.468398459789952
-21.73991584777832,-21.792709350585938,11.63406374606598
-19.690366744995117,-19.69598960876465,11.565611960483231
-19.786983489990234,-19.819669723510742,11.722409898853808
-21.2914981842041,-21.336421966552734,11.677550844919615
-20.132177352905273,-20.09263801574707,11.763997655180825
-21.116943359375,-21.155202865600586,11.66705196846065
-21.3007869720459,-21.353620529174805,11.613553813279953
-21.553239822387695,-21.59747314453125,11.6679871723845
-19.999080657958984,-19.998037338256836,11.642120563349557
-21.472314834594727,-21.480350494384766,11.53779501113012
-19.816017150878906,-19.85767364501953,11.825644761725366
-20.499542236328125,-20.51523208618164,11.710351481242702
-21.08871841430664,-21.125869750976562,11.698397724937628
-21.013763427734375,-20.95607566833496,11.571477360029718
-20.852842330932617,-20.912452697753906,11.750657408458693
-21.27965545654297,-21.322675704956055,11.634894467318897
-20.722517013549805,-20.78824234008789,11.795493101697112
-20.870004653930664,-20.838823318481445,11.485456109361259
-20.889602661132812,-20.892391204833984,11.499593838582676
-21.07733726501465,-21.090023040771484,11.581705305100952
-20.7165470123291,-20.744937896728516,11.74265734514088
-20.9172306060791,-20.95603370666504,11.640227442904656
-21.18465805053711,-21.214468002319336,11.605272930631797
-21.128658294677734,-21.15733528137207,11.679993271793355
-21.563064575195312,-21.595256805419922,11.67099487949805
-21.04664421081543,-21.102996826171875,11.688809932825816
-20.829225540161133,-20.836753845214844,11.597685613711553
-20.58562660217285,-20.581323623657227,11.512396550777833
-20.46491050720215,-20.4957275390625,11.658616321347758
-19.798234939575195,-19.823293685913086,11.557768708293446
-21.294490814208984,-21.31271743774414,11.632638989443132
-20.36924934387207,-20.350109100341797,11.532092012892255
-20.982519149780273,-20.991323471069336,11.528613537671019
-20.99357795715332,-21.021137237548828,11.631213179979223
-20.74460792541504,-20.749732971191406,11.73201891962606
-19.72974967956543,-19.784217834472656,11.769800349598585
-21.51284408569336,-21.517763137817383,11.550883559565083
-21.1397705078125,-21.180391311645508,11.658616321347758
-20.168508529663086,-20.207412719726562,11.755487643793106
-20.59356117248535,-20.621065139770508,11.707369363744164
-21.081453323364258,-21.060943603515625,11.543298542405086
-20.549686431884766,-20.540822982788086,11.394639963563817
-20.59217643737793,-20.599525451660156,11.594063523173233
-20.948226928710938,-20.98451042175293,11.647790196812172
-21.254384994506836,-21.237993240356445,11.487481057923357
-20.390880584716797,-20.36147689819336,11.543978087849297
-20.779617309570312,-20.807748794555664,11.566835172992041
-21.032814025878906,-21.114242553710938,11.754365272331698
-21.100053787231445,-21.105449676513672,11.632638989443132
-20.314783096313477,-20.331825256347656,11.676619589353667
-19.462446212768555,-19.507556915283203,11.799890721649673
-20.723386764526367,-20.717693328857422,11.51164546517884
-21.4315242767334,-21.44342613220215,11.477974507548236
-21.20262908935547,-21.25840950012207,11.4594879201732
-20.63445281982422,-20.634239196777344,11.66880513464249
-20.276636123657227,-20.29850959777832,11.611636391106913
-21.68155860900879,-21.729015350341797,11.706795357782745
-20.627792358398438,-20.705780029296875,11.887988355335802
-20.429935455322266,-20.43712043762207,11.555312117775891
-20.29264259338379,-20.306692123413086,11.643539402722775
-21.18137550354004,-21.20160484313965,11.554328477364404
-20.581708908081055,-20.510791778564453,11.456926944505055
-20.99540901184082,-21.02305030822754,11.686145526596794
-20.46790313720703,-20.48546600341797,11.645901843226875
-20.742355346679688,-20.736684799194336,11.523137517571634
-21.419429779052734,-21.456958770751953,11.625262783631285
-21.100662231445312,-21.134998321533203,11.568607620691985
-20.78777313232422,-20.793750762939453,11.515649106890017
-20.477907180786133,-20.455533981323242,11.797638017677734
-21.18363380432129,-21.19393539428711,11.604250820721777
-20.787790298461914,-20.78923988342285,11.532588417688595
-21.823348999023438,-21.819488525390625,11.573398354400407
-21.239675521850586,-21.278980255126953,11.643539402722775
-21.144794464111328,-21.1560001373291,11.52712149701384
-20.22256851196289,-20.289052963256836,11.716532115363401
-19.971092224121094,-20.010629653930664,11.722466771584108
-21.150606155395508,-21.179052352905273,11.64141094260605
-21.453798294067383,-21.502939224243164,11.66787023052715
-20.918670654296875,-20.973936080932617,11.68985156000695
-19.75727653503418,-19.800518035888672,11.7333799243177
-20.000839233398438,-20.014404296875,11.6534451549404
-20.416946411132812,-20.38334083557129,11.385819432546676
-20.58738136291504,-20.55958366394043,11.608757089724627
-19.951431274414062,-19.926837921142578,11.515649106890017
-21.16051483154297,-21.16851806640625,11.547433170171844
-20.406858444213867,-20.394779205322266,11.620729860118143
-21.256118774414062,-21.293901443481445,11.653915783042851
-20.105628967285156,-20.115970611572266,11.77558685672249
-20.45474624633789,-20.471790313720703,11.765338233553159
-21.0712890625,-21.085865020751953,11.600338022321486
-20.23430633544922,-20.261014938354492,11.713329452482494
-19.835222244262695,-19.8463191986084,11.677783639672594
-20.393564224243164,-20.397058486938477,11.707484121002695
-20.864341735839844,-20.911983489990234,11.676852414727215
-20.497087478637695,-20.4246883392334,11.8236919126769
-20.356019973754883,-20.37531280517578,11.55383660934389
-19.408212661743164,-19.470844268798828,11.657442198205477
-20.674848556518555,-20.720335006713867,11.724175788194293
-20.1954402923584,-20.1607608795166,11.57635352002557
-20.954090118408203,-20.981212615966797,11.676212126533217
-20.788570404052734,-20.807861328125,11.562674036185976
-20.867807388305664,-20.91042709350586,11.59991634125417
-20.026538848876953,-20.017148971557617,11.60130185768113
-21.03110694885254,-21.108129501342773,11.776253560635851
-20.117998123168945,-20.166318893432617,11.798572366177499
-20.247648239135742,-20.262252807617188,11.67125749589605
-20.249237060546875,-20.243623733520508,11.577327281287968
-20.948320388793945,-20.981447219848633,11.644721009136909
-20.75791358947754,-20.79798126220703,11.63026216267337
-20.462602615356445,-20.458478927612305,11.542495685408626
-20.714218139648438,-20.71170425415039,11.641884095191774
-20.84473991394043,-20.886150360107422,11.58376960942675
-20.000289916992188,-20.045942306518555,11.73926788746738
-19.425846099853516,-19.493030548095703,11.893969005350762
-19.83141326904297,-19.846542358398438,11.762544301687909
-21.02408790588379,-21.04986000061035,11.638688217444964
-20.031185150146484,-20.02408218383789,11.56512277596296
-20.268333435058594,-20.279624938964844,11.63026216267337
-20.214937210083008,-20.196762084960938,11.647790196812172
-20.985706329345703,-21.011293411254883,11.62865642251991
-20.50925064086914,-20.52988052368164,11.628001958586731
-20.683795928955078,-20.695043563842773,11.544471766865644
-20.525348663330078,-20.55491828918457,11.56463316958305
-20.707130432128906,-20.752696990966797,11.61379333474124
-20.413818359375,-20.407407760620117,11.632638989443132
-20.45546531677246,-20.499835968017578,11.758178753009254
-20.295787811279297,-20.279882431030273,11.493545297558548
-19.751327514648438,-19.791032791137695,11.728385075443777
-20.434202194213867,-20.460290908813477,11.560467695871907
-20.928255081176758,-20.925317764282227,11.490641191217824
-20.68954086303711,-20.686494827270508,11.620132770124435
-20.938554763793945,-20.935829162597656,11.619296491149235
-19.69308090209961,-19.765226364135742,11.778252137569456
-20.627330780029297,-20.648052215576172,11.61307455311102
-19.77871322631836,-19.792322158813477,11.692049170601006
-20.477907180786133,-20.504724502563477,11.776031459618896
-20.40717887878418,-20.439367294311523,11.662369487404227
-20.95412826538086,-20.98181915283203,11.519521175872718
-20.911972045898438,-20.956100463867188,11.688925762029971
-20.759328842163086,-20.7818546295166,11.662486712009748
-20.63560676574707,-20.659666061401367,11.603468814943176
-20.04929542541504,-20.073833465576172,11.638332861074424
-20.795185089111328,-20.807594299316406,11.622162367472159
-20.38189125061035,-20.40770149230957,11.639517250094228
-20.25197982788086,-20.293367385864258,11.609237213136648
-19.62441062927246,-19.671615600585938,11.609957145643289
-19.97625732421875,-20.021472930908203,11.820976495940577
-19.677324295043945,-19.686473846435547,11.74604131438517
-20.486722946166992,-20.53465461730957,11.816079603553456
-19.887876510620117,-19.87576675415039,11.558259540379648
-19.878650665283203,-19.896841049194336,11.595512882515619
-19.436296463012695,-19.493013381958008,11.898782013869528
-20.26626968383789,-20.320606231689453,11.786559203019692
-20.330995559692383,-20.35405921936035,11.479625075429567
-20.28357696533203,-20.25014877319336,11.497075722125011
-20.53505516052246,-20.53425407409668,11.584254856058259
-20.41098403930664,-20.375261306762695,11.480132721485177
-19.969350814819336,-19.9421329498291,11.563653861522447
-20.777191162109375,-20.762168884277344,11.528862052351666
-21.27884864807129,-21.35683250427246,11.81128017381892
-20.493724822998047,-20.555021286010742,11.791527242025433
-19.55777931213379,-19.591419219970703,11.705991555124356
-19.88789176940918,-19.879375457763672,11.693089359318002
-20.710588455200195,-20.708541870117188,11.565611960483231
-20.065631866455078,-20.06545066833496,11.532092012892255
-20.212499618530273,-20.225980758666992,11.640227442904656
-19.450498580932617,-19.502397537231445,11.774253060026425
-21.129554748535156,-21.167938232421875,11.69112423728511
-20.3272647857666,-20.342636108398438,11.62597766054758
-20.527294158935547,-20.544984817504883,11.50110376881138
-19.855491638183594,-19.904151916503906,11.823040519142978
-19.43778419494629,-19.527694702148438,11.887830730756352
-20.366771697998047,-20.36723518371582,11.591887398594904
-21.09412384033203,-21.140756607055664,11.631688545324854
-20.919559478759766,-20.93917465209961,11.652503806154161
-20.51883888244629,-20.539573669433594,11.632995204811177
-20.20298957824707,-20.23902130126953,11.823583445616162
-20.041086196899414,-20.04161834716797,11.640700866035296
-20.643234252929688,-20.671966552734375,11.795933354250362
-20.505416870117188,-20.528644561767578,11.526125989167397
-20.757184982299805,-20.78900718688965,11.6856818234374
-20.302963256835938,-20.33612823486328,11.790644987280363
-19.924673080444336,-19.917463302612305,11.738815527957343
-20.952829360961914,-20.983877182006836,11.607556256302125
-20.605981826782227,-20.63275718688965,11.673590433519399
-20.396312713623047,-20.42067527770996,11.706680589165781
-19.759824752807617,-19.76691246032715,11.514648979113003
-20.290037155151367,-20.307754516601562,11.688346788717856
-19.623628616333008,-19.691869735717773,11.85983486781616
-19.52237319946289,-19.57187843322754,11.869829906326112
-19.64689064025879,-19.66720199584961,11.727475646501738
-19.706626892089844,-19.738800048828125,11.705991555124356
-20.21796417236328,-20.237468719482422,11.73201891962606
-20.48106575012207,-20.508960723876953,11.640227442904656
-20.669431686401367,-20.669591903686523,11.525627990959775
-20.523279190063477,-20.56854248046875,11.684290147068518
-20.826833724975586,-20.850570678710938,11.69816714332789
-20.17593002319336,-20.218210220336914,11.740172326250892
-19.764944076538086,-19.77277183532715,11.65061958154808
-20.331279754638672,-20.331207275390625,11.495563046381054
-20.82904815673828,-20.876583099365234,11.665180037693055
-20.157306671142578,-20.15407371520996,11.573916615245125
-19.740758895874023,-19.744352340698242,11.669856634761715
-19.695575714111328,-19.702648162841797,11.633588922679843
-20.000337600708008,-20.01988410949707,11.754758284972304
-20.030426025390625,-20.074249267578125,11.660962834578983
-21.001920700073242,-21.04490852355957,11.702082934013891
-20.130937576293945,-20.173690795898438,11.736552519335106
-20.261919021606445,-20.311124801635742,11.60797653148574
-20.43604850769043,-20.459453582763672,11.629786510696507
-20.357271194458008,-20.41179656982422,11.76623142481236
-20.328716278076172,-20.339550018310547,11.594728009919585
-20.650381088256836,-20.661699295043945,11.655327096780255
-20.249469757080078,-20.29004669189453,11.667519585777871
-20.142427444458008,-20.124937057495117,11.656737362198761
-20.46169662475586,-20.438011169433594,11.592492222315075
-19.783933639526367,-19.797115325927734,11.627883011572543
-19.91263771057129,-19.970027923583984,11.868981225155194
-19.4725284576416,-19.52044677734375,11.767347273033382
-20.094810485839844,-20.15292739868164,11.801646987000737
-20.065969467163086,-20.040424346923828,11.582191075083736
-20.38929557800293,-20.418489456176758,11.71378731207485
-19.985107421875,-19.962060928344727,11.52014474962977
-19.581750869750977,-19.61714744567871,11.869193452797646
-20.147090911865234,-20.149438858032227,11.646374122712214
-20.122316360473633,-20.115161895751953,11.710122250664309
-20.544267654418945,-20.593902587890625,11.702773120095769
-19.966976165771484,-20.03406524658203,11.96427131192942
-19.92283058166504,-19.961265563964844,11.735419972209744
-20.741914749145508,-20.775781631469727,11.797473252137198
-20.0977783203125,-20.120851516723633,11.587044314631925
-20.520221710205078,-20.5499324798584,11.694475462880433
-20.600383758544922,-20.58895492553711,11.624070843862064
-20.755840301513672,-20.767545700073242,11.625024411256543
-20.224369049072266,-20.254426956176758,11.67824901414961
-19.68547248840332,-19.759611129760742,11.874596973822419
-20.053749084472656,-20.127025604248047,11.840338564857218
-20.105756759643555,-20.147279739379883,11.682433127551347
-21.07732391357422,-21.132827758789062,11.833869211420822
-20.677959442138672,-20.68097686767578,11.61977437655434
-20.273740768432617,-20.263530731201172,11.651090780417585
-19.81688690185547,-19.858461380004883,11.804278809705544
-20.069355010986328,-20.071571350097656,11.633114068232429
-20.057615280151367,-20.08002281188965,11.601060959148997
-20.03093147277832,-20.08781623840332,11.811498645863129
-20.95950698852539,-20.992971420288086,11.665648162686765
-20.75642204284668,-20.752857208251953,11.625024411256543
-19.61840057373047,-19.645294189453125,11.842275142110974
-20.45094871520996,-20.440454483032227,11.57452601305317
-20.34614372253418,-20.377403259277344,11.711497329502333
-20.514644622802734,-20.54680061340332,11.725200307979872
-20.253337860107422,-20.273712158203125,11.672657696442322
-20.02193832397461,-20.05080795288086,11.769354574662486
-19.703466415405273,-19.737354278564453,11.889511358399691
-20.271697998046875,-20.301528930664062,11.703233206221853
-20.926652908325195,-20.963626861572266,11.755936426302943
-19.798988342285156,-19.825103759765625,11.732926413145023
-20.83513641357422,-20.866676330566406,11.712470979818596
-19.806350708007812,-19.836427688598633,11.690314413275981
-19.719999313354492,-19.758560180664062,11.716989190314228
-20.18122673034668,-20.190248489379883,11.581219114269057
-20.151119232177734,-20.175689697265625,11.697706148835012
-20.03032684326172,-20.03498077392578,11.536556151432686
-19.98124885559082,-19.99266242980957,11.834301066501729
-20.157711029052734,-20.214574813842773,11.651090780417585
-19.887989044189453,-19.912914276123047,11.679644569893505
-20.22663688659668,-20.273073196411133,11.878085288490302
-20.135860443115234,-20.15382957458496,11.750769734417862
-20.229084014892578,-20.261892318725586,11.751219589795667
-20.031394958496094,-20.06009292602539,11.753691646128974
-20.08942413330078,-20.111928939819336,11.587529348251842
-20.457656860351562,-20.448904037475586,11.499593838582676
-19.978124618530273,-19.97673988342285,11.51402378467871
-20.37038230895996,-20.421510696411133,11.936143091550788
-20.44916343688965,-20.490619659423828,11.773696964568645
-20.077234268188477,-20.129108428955078,11.722922690716942
-20.472007751464844,-20.4488582611084,11.538661389069304
-19.474592208862305,-19.53727912902832,11.910970449818336
-20.110200881958008,-20.14317512512207,11.724858818316152
-19.898387908935547,-19.976655960083008,11.893340203168325
-20.497575759887695,-20.559070587158203,11.79571323164137
-20.53499984741211,-20.576425552368164,11.729010106970605
-19.937408447265625,-19.928035736083984,11.702313003626202
-20.136245727539062,-20.15314292907715,11.620252230745775
-20.21986961364746,-20.22119140625,11.62120745829342
-19.84873390197754,-19.842458724975586,11.487734041385146
-19.750247955322266,-19.8007869720459,11.795933354250362
-20.113405227661133,-20.15786361694336,11.665648162686765
-19.54448127746582,-19.594186782836914,11.851502687432149
-20.32021141052246,-20.29043960571289,11.584133839201247
-19.722774505615234,-19.737255096435547,11.51164546517884
-19.953920364379883,-19.974409103393555,11.750657218396274
-20.073671340942383,-20.071237564086914,11.62883492005332
-19.497846603393555,-19.54572105407715,11.749644870417985
-20.565141677856445,-20.578994750976562,11.654386380279199
-20.520490646362305,-20.545146942138672,11.751444411275852
-20.023191452026367,-20.077442169189453,11.832140563563778
-20.031002044677734,-20.078371047973633,11.747393442281425
-19.70820426940918,-19.719554901123047,11.795933354250362
-20.257654190063477,-20.308359146118164,11.660962834578983
-19.475587844848633,-19.5300235748291,11.812808571756333
-20.143253326416016,-20.14453887939453,11.533084790408443
-20.506580352783203,-20.568700790405273,11.74986993416773
-20.475622177124023,-20.53699493408203,11.812590331759457
-20.862899780273438,-20.97141456604004,11.815861849225897
-20.331695556640625,-20.392292022705078,11.723150543565723
-19.550912857055664,-19.588624954223633,11.547433170171844
-20.045988082885742,-20.07883071899414,11.62335539300964
-19.489707946777344,-19.549596786499023,11.880829460720628
-19.91353416442871,-19.899091720581055,11.589467222698627
-20.277170181274414,-20.305973052978516,11.529607940187816
-20.13102149963379,-20.165267944335938,11.691471029668685
-19.83258628845215,-19.86590576171875,11.988946147521066
-19.932857513427734,-19.959272384643555,11.534077047893192
-20.569562911987305,-20.614748001098633,11.594305232254419
-20.196882247924805,-20.175121307373047,11.891348143340002
-19.648218154907227,-19.7205753326416,11.959367633049455
-20.045970916748047,-20.064464569091797,11.711497329502333
-19.673690795898438,-19.696748733520508,11.548419657984049
-20.186389923095703,-20.246200561523438,11.645429532796172
-19.75271987915039,-19.786684036254883,11.600217655407455
-20.580791473388672,-20.645702362060547,11.77403051374634
-20.299152374267578,-20.330629348754883,11.706106335100618
-19.843507766723633,-19.869056701660156,11.500097443340284
-20.422700881958008,-20.436742782592773,11.691817996616692
-20.003061294555664,-20.02175521850586,11.571477360029718
-19.737995147705078,-19.749265670776367,11.62395163917563
-20.508468627929688,-20.54070472717285,11.736099599165865
-19.70030403137207,-19.734710693359375,11.693089359318002
-19.739295959472656,-19.80368995666504,11.870784279785731
-19.844343185424805,-19.864702224731445,11.69632202529452
-19.91722869873047,-19.94841957092285,11.711268327903142
-19.730854034423828,-19.800050735473633,11.832140563563778
-19.781801223754883,-19.838926315307617,11.941464983097449
-19.794322967529297,-19.845043182373047,11.7800272020121
-20.540626525878906,-20.563419342041016,11.66190056973865
-19.864036560058594,-19.914348602294922,11.787111769162234
-20.113140106201172,-20.161142349243164,11.771582584677919
-19.46161460876465,-19.523103713989258,11.801646987000737
-19.780122756958008,-19.851221084594727,11.885885498603265
-19.720584869384766,-19.77103042602539,11.736552519335106
-19.81734275817871,-19.85948371887207,11.752792993616325
-19.74359703063965,-19.743473052978516,11.624309247393924
-19.726036071777344,-19.781951904296875,11.862604544297792
-20.269372940063477,-20.320907592773438,11.705072481902597
-19.837974548339844,-19.869077682495117,11.708746134684006
-19.85354995727539,-19.924118041992188,11.955212416797007
-19.970043182373047,-20.04831886291504,11.829761110029505
-20.519046783447266,-20.553455352783203,11.66705196846065
-19.825836181640625,-19.907697677612305,11.882727093878634
-19.40496063232422,-19.483688354492188,11.90639569126678
-19.685340881347656,-19.700260162353516,11.626930591776313
-20.011722564697266,-20.01102066040039,11.596478705780445
-19.845090866088867,-19.87830924987793,11.763103408479232
-19.891719818115234,-19.900732040405273,11.562674036185976
-20.560894012451172,-20.597211837768555,11.706048945348984
-20.392759323120117,-20.437332153320312,11.820432975598173
-19.629121780395508,-19.68532371520996,11.697706148835012
-19.704246520996094,-19.77706527709961,11.939419833761404
-19.69920539855957,-19.711946487426758,11.664711881959237
-19.954044342041016,-20.00518226623535,11.787111769162234
-19.605487823486328,-19.634435653686523,11.732926413145023
-19.484071731567383,-19.540504455566406,11.77380814947506
-19.733375549316406,-19.783119201660156,11.731111115413508
-20.14236831665039,-20.17133140563965,11.763103408479232
-19.69230079650879,-19.733097076416016,11.70645085496603
-19.53336524963379,-19.587556838989258,11.762656240593971
-20.371105194091797,-20.41979217529297,11.751894031875603
-20.13361167907715,-20.166454315185547,11.758850983216949
-20.123897552490234,-20.14771842956543,11.733833596014152
-19.941951751708984,-19.98987579345703,11.75683352220909
-19.90719985961914,-19.956512451171875,11.642120563349557
-19.68254852294922,-19.745105743408203,11.87787410564219
-19.924867630004883,-19.97775650024414,11.936450517215484
-20.14653968811035,-20.199913024902344,11.802085885848182
-20.044593811035156,-20.120901107788086,11.84141472144392
-19.898591995239258,-19.955955505371094,11.768462746382355
-19.58063507080078,-19.66427993774414,11.901601589936686
-19.856313705444336,-19.87801742553711,11.736269495359075
-20.085079193115234,-20.13475799560547,11.867070295576253
-19.809707641601562,-19.866985321044922,11.87025411085023
-19.751628875732422,-19.801925659179688,11.832572909688382
-19.83770751953125,-19.911802291870117,11.894702031892923
-19.983919143676758,-19.99407196044922,11.71561749282957
-19.91059112548828,-19.943939208984375,11.652974495976085
-19.414812088012695,-19.486421585083008,11.972482188437032
-19.843177795410156,-19.892290115356445,11.85043178032925
-19.577220916748047,-19.63014793395996,11.877662915698805
-20.161300659179688,-20.16483497619629,11.803949983739596
-19.950212478637695,-20.012252807617188,11.787553713362005
-19.92165184020996,-19.963939666748047,11.738363138492232
-19.70464324951172,-19.750865936279297,11.676386756326279
-19.604900360107422,-19.627958297729492,11.735646458533388
-19.835683822631836,-19.886274337768555,11.857595069904992
-19.704336166381836,-19.745765686035156,11.671724260085407
-19.6174259185791,-19.65865707397461,11.759074981806256
-19.4913387298584,-19.577869415283203,11.915327082090986
-19.690624237060547,-19.743019104003906,11.823800377926556
-19.910436630249023,-19.94730567932129,11.773363209343895
-19.888288497924805,-19.925395965576172,11.633114068232429
-19.716581344604492,-19.79520606994629,11.900140050265449
-19.914457321166992,-19.96477508544922,11.654386380279199
-19.75136947631836,-19.76238250732422,11.589951709701376
-19.861446380615234,-19.916423797607422,11.830410326501822
-19.838239669799805,-19.874290466308594,11.818257499695228
-19.613933563232422,-19.654399871826172,11.767124118212072
-19.66278076171875,-19.6787052154541,11.841199504537999
-19.568737030029297,-19.613229751586914,11.77558685672249
-20.135385513305664,-20.185972213745117,11.72883964946474
-19.454071044921875,-19.512725830078125,11.8546047022765
-19.49919319152832,-19.55660057067871,11.826512172003621
-19.416107177734375,-19.498865127563477,11.867282774071404
-19.695415496826172,-19.73090171813965,11.712413642596516
-19.638301849365234,-19.66191291809082,11.664243695489521
-19.822092056274414,-19.865005493164062,11.739154800398374
-19.771812438964844,-19.874069213867188,11.896638568701672
-19.849594116210938,-19.89284896850586,11.712413642596516
-20.017526626586914,-20.057008743286133,11.771582584677919
-19.576383590698242,-19.613922119140625,11.81128017381892
-19.726224899291992,-19.77752113342285,11.816951112734523
-19.853729248046875,-19.90472412109375,11.866857996667429
-20.090288162231445,-20.154577255249023,11.78445778434503
-19.629369735717773,-19.679244995117188,11.925041903814185
-19.737890243530273,-19.78849983215332,11.778252137569456
-19.85799789428711,-19.898048400878906,11.65626730456128
-19.432830810546875,-19.509532928466797,11.93121717234689
-19.60744857788086,-19.64757537841797,11.723834056930082
-19.634614944458008,-19.697160720825195,11.812590331759457
-19.755638122558594,-19.825641632080078,11.800769101510745
-19.885452270507812,-19.955263137817383,11.780138092375452
-19.90503692626953,-19.936756134033203,11.751894031875603
-19.88894271850586,-19.944887161254883,11.845928302303978
-20.021894454956055,-20.05743408203125,11.758066739778211
-19.757543563842773,-19.816316604614258,11.74513955622879
-19.492841720581055,-19.571353912353516,11.827270685079064
-20.128114700317383,-20.180421829223633,11.739720217018377
-19.67525863647461,-19.72282600402832,11.847645196259824
-19.59735107421875,-19.636743545532227,11.768462746382355
-19.71025848388672,-19.781112670898438,11.970671952199808
-19.526350021362305,-19.596040725708008,11.77380814947506
-19.588306427001953,-19.65928077697754,11.957341812743332
-19.782024383544922,-19.826141357421875,11.726110800709272
-19.67043113708496,-19.70012664794922,11.756384989133924
-19.42342185974121,-19.51093101501465,11.861965682281253
-19.34467124938965,-19.42041015625,11.929983728378607
-20.01205825805664,-20.069175720214844,11.835596458379644
-19.70799446105957,-19.750120162963867,11.76036282944836
-19.434537887573242,-19.537870407104492,12.043183554864774
-19.598752975463867,-19.67476463317871,11.965028263945982
-19.567859649658203,-19.6257381439209,11.813463248041632
-19.877233505249023,-19.964008331298828,11.867282774071404
-19.37086296081543,-19.455745697021484,11.973286356546364
-19.3170223236084,-19.403121948242188,11.880829460720628
-19.885578155517578,-19.977216720581055,11.850860277022747
-19.532257080078125,-19.588626861572266,11.768016693020876
-19.30339813232422,-19.413854598999023,12.008126073813871
-19.636350631713867,-19.674463272094727,11.862604544297792
-19.65130043029785,-19.7043514251709,11.80340184105281
-19.58589744567871,-19.639738082885742,11.818475174048647
-19.678224563598633,-19.719627380371094,11.829977647957714
-19.56259536743164,-19.600725173950195,11.721554842904924
-19.666332244873047,-19.704742431640625,11.683361698408667
-19.45863914489746,-19.53839874267578,11.919157016318795
-19.845726013183594,-19.865230560302734,11.699204317731894
-19.36750030517578,-19.440860748291016,11.91884668029773
-19.42646598815918,-19.50200653076172,11.808657375302081
-19.42066192626953,-19.49764060974121,11.900140050265449
-19.81442642211914,-19.850454330444336,11.740398274464651
-19.40564727783203,-19.483430862426758,11.81128017381892
-19.57719612121582,-19.652612686157227,11.896376904765384
