g band,r band,average stellar age [Gyr],prob spiral
-24.62716,-24.977457,12.261072631120268,0.054427266
-23.992016,-24.023205,11.67125749589605,0.63325137
-24.74671,-24.770617,11.554451537054877,0.76231676
-22.29113,-22.325727,11.63827356893841,0.4505311
-22.509832,-22.533306,11.684058142311994,0.62992656
-22.342161,-22.475967,11.731111115413508,0.57939154
-21.25442,-21.344816,11.74806921525994,0.7274718
-20.389257,-20.431469,11.679818922993348,0.02715087
-22.018211,-22.048946,11.636199390639323,0.66305214
-20.078787,-20.128307,11.755038831510081,2.3372913e-05
-20.497782,-20.489895,11.573672686401567,0.0068006516
-21.783285,-21.73309,11.172526289405562,0.74937356
-19.627802,-19.71141,11.860474318050112,1.2729077e-05
-19.066643,-19.216196,11.895121024757241,0.67812043
-20.058424,-20.168745,11.665180037693055,0.23778781
-20.618511,-20.69032,11.536231132952393,0.018423826
-19.642908,-19.702059,11.648261966775777,0.61010295
-19.682434,-19.738012,11.690314413275981,3.647898e-08
-19.168081,-19.667265,12.274931707303432,0.55834806
-20.951065,-20.89932,11.21204063909289,0.0023363829
-25.646038,-25.8581,12.069895511425761,0.68049586
-24.667578,-24.677097,11.300583985718337,0.73830944
-22.954073,-22.95737,11.591403815172153,0.24860558
-22.235504,-22.285019,11.536556151432686,0.0674364
-22.374348,-22.434187,11.80000052553713,0.1861481
-22.125294,-22.29265,11.815207977969337,0.31606233
-21.793644,-21.747658,11.26584769935893,0.67220104
-20.73865,-20.892519,11.993822064512472,0.7256148
-19.969234,-19.947311,11.730656882335667,0.75465775
-19.669983,-19.991688,11.920500575104523,0.63694286
-20.853228,-20.861305,11.291190478400512,0.119736314
-18.769295,-19.211645,12.088157452151473,0.0037597418
-19.812582,-19.91601,11.377595906208212,0.00078240037
-24.883533,-25.116972,12.1138092742593,0.7840127
-23.31908,-23.691717,11.902879365342288,0.00010104125
-22.725454,-22.810251,11.871314217612335,0.08707881
-22.275248,-22.299633,11.550883559565083,0.013910264
-20.415075,-20.460283,11.718816615314969,0.019474149
-20.308498,-20.3322,11.738136932527766,7.1537925e-06
-19.180843,-19.318148,11.894283196714946,0.6093617
-20.726633,-20.821766,11.491020117082922,2.6873056e-05
-20.738035,-20.720573,11.534077047893192,0.7635204
-24.78514,-24.960321,12.243713459579423,0.4886973
-24.30048,-24.292841,11.677434444672121,0.6925583
-24.167286,-24.320621,11.991286099235204,0.47016478
-22.554977,-22.598522,11.767570420442276,0.5807022
-21.327564,-21.40824,11.735193478392171,4.3584223e-05
-21.694273,-21.635273,11.551129788587389,0.0015234947
-22.094927,-22.112501,11.423952762115777,0.42998585
-23.579819,-23.889782,12.363170487298484,0.7176039
-23.354132,-23.451881,11.656502337234883,0.59191257
-23.743526,-23.70637,11.47784746582862,0.64226437
-22.540958,-22.564703,11.586074541706983,0.12144694
-21.986048,-21.961386,11.373855151724783,0.7213262
-21.48219,-21.48418,11.543483985677021,0.44609278
-19.754917,-19.81618,11.543730845153904,0.011912078
-19.514132,-19.5752,11.867972999864122,4.6460426e-07
-19.610199,-19.64774,11.779250728577122,0.03271368
-19.789482,-19.8187,11.588134915269888,0.718072
-19.78739,-19.825367,11.50317816852926,0.091854125
-21.077076,-21.0731,11.26854148766144,0.7844118
-25.21703,-25.348047,12.179676777406405,0.113634616
-19.796637,-19.825764,11.882726907626935,0.009613484
-20.559668,-20.541561,11.498461002849407,0.785321
-21.42361,-21.583735,11.821356933168985,0.5880129
-20.561853,-20.584677,11.477339278562908,2.3025598e-06
-24.848764,-24.89791,11.488935010834721,0.8678665
-23.380238,-23.527006,11.953562815467915,0.73899245
-23.105742,-23.131504,11.721098642481472,0.5230382
-22.47178,-22.535843,11.694937244909339,0.37974882
-21.42834,-21.39468,11.560712833223782,0.5579863
-19.7553,-20.07253,11.83397713097829,0.4865451
-19.255833,-19.379477,11.910762790574278,0.010488272
-19.86773,-19.841282,11.297718169051652,0.37134808
-24.692701,-24.860514,11.790479480583269,0.8265489
-22.336357,-22.32408,11.565367372188678,0.17960411
-22.635242,-22.719215,11.817060066717904,0.586915
-20.43945,-20.52951,11.743334539882495,0.5756535
-19.523256,-19.66192,11.84335041218683,2.1034787e-09
-21.478859,-21.41202,11.400153408774809,0.54407144
-19.746553,-19.95182,11.727020791563444,0.6336311
-18.958277,-19.239117,12.019332293139371,0.01875338
-25.50844,-25.467892,11.489503910074273,0.81543684
-23.473774,-23.469522,11.489124911138314,0.72310424
-22.087397,-22.220001,11.783351029862724,0.589859
-23.045792,-23.042791,11.331324656287013,0.6496513
-20.442348,-20.45997,11.50939059395781,9.8841745e-05
-24.870857,-24.893843,11.83234650885554,0.38129258
-23.866396,-23.953272,11.841710539192706,0.7353711
-21.521338,-21.485159,11.390694297625851,0.4858561
-21.769081,-21.94333,12.058733793318993,0.043296605
-21.690556,-21.59981,11.449677023595033,0.0033588111
-23.683622,-23.978308,12.23764004942927,0.42409205
-23.813126,-23.877151,11.822511272569653,0.6071023
-21.093307,-21.205473,11.57635352002557,0.03133726
-24.719654,-24.798056,11.838184398479969,0.34233636
-22.483984,-22.47402,11.476513404694533,0.729288
-22.523415,-22.76276,12.16214502679217,0.12191215
-22.260818,-22.290709,11.542248394716234,0.25531596
-22.497738,-22.555832,11.573429139314554,0.6037788
-24.98947,-25.104086,11.568897724220516,0.7152437
-21.28131,-21.347279,11.87385618060514,6.597872e-06
-20.603104,-20.557169,11.526623563120813,0.68293035
-20.360838,-20.612463,11.650560583114505,0.07258591
-19.056784,-19.349373,11.700931897876334,0.052264094
-23.931395,-23.93695,11.555680461802593,0.49628636
-23.308329,-23.293322,11.589951709701376,0.7743288
-22.431906,-22.439106,11.547232963630755,0.5092445
-21.414047,-21.50244,11.64028652595059,0.5681603
-21.02552,-21.001965,11.462557636737557,0.70327526
-25.354513,-25.356714,11.37126964647042,0.4638707
-21.177427,-21.216833,11.694475462880433,2.9968627e-05
-20.407925,-20.420082,11.68173633128969,0.629876
-21.457016,-21.486279,11.363015001611485,0.68013525
-20.106863,-20.305101,11.723036618082551,0.30962843
-19.106117,-19.336645,11.648615677530854,0.0408839
-24.427454,-24.465944,11.715388818316809,0.36940718
-23.00049,-23.105831,11.740285396468858,0.63515973
-22.854992,-22.82439,11.331897356469485,0.5847187
-19.927994,-19.921968,11.322110817126362,0.73116505
-23.550777,-23.643435,11.529258326514242,0.73407066
-23.3105,-23.38857,11.847323430754642,0.33363923
-22.655815,-22.69844,11.743560383348996,0.11943635
-20.956385,-20.989466,11.6364364310077,4.3084483e-06
-19.955442,-20.015545,11.600578944405644,0.5844017
-23.664328,-23.99869,12.326902360270417,0.43374056
-21.948507,-22.058743,11.813463248041632,0.44708753
-23.27076,-23.288073,11.561632417815018,0.60853165
-23.116566,-23.1004,11.404215206936957,0.19903347
-23.671036,-23.783138,11.828462106027743,0.54955226
-20.672527,-20.701462,11.527619006693929,0.032640934
-21.918913,-21.939045,11.50135552662155,0.04714912
-24.291931,-24.389938,11.860261237427524,0.75548863
-21.076937,-21.01228,11.55383660934389,0.25852183
-20.210978,-20.245485,11.49537408900962,0.4962629
-24.332338,-24.479992,11.846357662591478,0.5689233
-19.732546,-19.810724,11.888408544048263,0.08625966
-23.128716,-23.16309,11.687536069303118,0.32977903
-22.47018,-22.43024,11.410490944436287,0.5582146
-21.711956,-21.750103,11.6679871723845,0.81394756
-21.73677,-21.746967,11.52911095096929,0.6827235
-19.730139,-19.744614,11.705072481902597,1.3023465e-06
-22.780222,-22.786867,11.619893843028649,0.4400493
-22.590364,-22.601385,11.431943255765837,0.36449724
-22.682627,-22.699123,11.627644918298067,0.71081823
-21.624174,-21.663149,11.6534451549404,0.44724265
-19.691336,-19.729881,11.61307455311102,2.9080915e-08
-22.912725,-22.95291,11.629667592842345,0.24362609
-23.048317,-23.080154,11.688230949979305,0.19279292
-21.6963,-21.697943,11.485709157852083,0.60231996
-20.86565,-20.866297,11.598650377120086,0.30696943
-23.439476,-23.542181,11.880091078421112,0.24769399
-21.709446,-21.674973,11.54051752717307,0.48668006
-21.706228,-21.721973,11.560222550574952,0.03484255
-19.684574,-19.826012,12.117138221143009,6.762699e-05
-20.833094,-20.706638,11.152128508282065,0.019015491
-24.05895,-24.174923,11.810461027066475,0.86194444
-19.806557,-19.813063,11.693551424278409,0.0029336214
-24.286476,-24.373608,11.613493931693593,0.43158668
-18.657217,-18.979448,11.751219589795667,0.5880941
-21.751991,-21.748568,11.680574467401485,0.015143454
-21.257555,-21.271587,11.66938936330064,0.6312486
-22.457325,-22.545708,11.711898350830644,0.6047106
-21.114597,-21.051943,11.37219818605268,0.5184212
-20.285646,-20.260057,11.448713251778734,0.70249456
-23.379768,-23.406235,11.835016444714663,0.54049927
-22.73802,-22.791151,11.667519585777871,0.4501397
-20.950907,-20.96963,11.626930591776313,8.3566585e-05
-24.330631,-24.40438,11.59200828953453,0.8227483
-24.12683,-24.162666,11.468494052280546,0.7742057
-19.591196,-19.642864,11.513147563759556,0.005673349
-23.905592,-24.061924,11.90178411889655,0.7436483
-23.074167,-23.103573,11.596901359567248,0.36941946
-22.131962,-22.161104,11.64058251315866,0.7482938
-20.3271,-20.32154,11.496067304070811,0.0042324066
-23.685421,-23.736082,11.555066024312708,0.55224115
-20.346907,-20.40733,11.552852777696266,0.00036025047
-24.28918,-24.3084,11.554451537054877,0.7440007
-24.060364,-24.162474,11.74403982401909,0.6427262
-24.244799,-24.205885,11.41416111097099,0.78021777
-21.835657,-21.873083,11.644957191424378,0.39267272
-19.47877,-19.620335,11.670819732420052,0.015166163
-23.680712,-23.656275,11.453785813122323,0.1656406
-21.94313,-21.967764,11.486974672530756,4.1941166e-05
-20.866571,-20.831863,11.372993538504335,0.0006442368
-23.104664,-23.121939,11.561203474404468,0.5592419
-22.364706,-22.39442,11.638924983255023,0.37897688
-21.662775,-21.711506,11.741753996968995,0.82680964
-23.904726,-24.002813,11.771137117695694,0.7604383
-23.045921,-23.01204,11.491020117082922,0.6260009
-19.784376,-19.776081,11.712413642596516,0.010440618
-21.790213,-21.735792,11.430648365947423,0.6071478
-20.586103,-20.572584,11.459103924949746,0.7339966
-22.663328,-22.647758,11.340975913950825,0.00046369433
-21.82987,-21.887968,11.758626977195913,0.21821463
-20.749968,-20.756065,11.638806601318189,8.747698e-08
-21.06096,-21.122025,11.547926625547802,0.7068903
-23.326672,-23.268023,11.45230997841729,0.24182534
-21.732357,-21.75494,11.58048996339527,0.10841903
-20.2865,-20.280027,11.415057023290464,4.804943e-07
-23.83201,-23.901098,11.50031776022498,0.30333805
-18.841682,-19.048504,11.619893843028649,0.0010213852
-23.78664,-23.773136,11.441503082543871,0.5601067
-22.819931,-22.712011,11.137310136699439,0.8331266
-23.80994,-23.814339,11.663833790613516,0.4939021
-20.678566,-20.724964,11.70645085496603,0.0002606511
-22.871096,-22.911282,11.680109629943498,0.1888586
-22.649635,-22.65757,11.554451537054877,0.48660284
-23.449963,-23.534807,11.983857539645081,0.36373183
-21.336832,-21.44346,11.751894031875603,0.0023964942
-20.769897,-20.779522,11.447684414736996,6.7043625e-06
-23.722975,-23.837969,11.84335041218683,0.26227608
-22.490932,-22.425982,11.370341004053241,0.5906323
-21.20148,-21.162989,11.397529840314574,0.5955397
-23.025524,-23.101017,11.757282025524534,0.6751745
-21.637772,-21.673685,11.707828381421423,0.30538043
-19.904501,-19.890972,11.522638934167716,0.5926815
-22.85293,-23.073507,12.342732059427773,0.42788666
-19.94822,-19.92417,11.391483900054595,0.006687492
-19.736168,-19.76419,11.61379333474124,0.0139706135
-23.819935,-23.92174,11.86560945286015,0.594551
-23.56009,-23.65659,11.718859387584253,0.2656687
-20.891401,-20.79262,11.21702525029102,0.010501683
-22.679256,-22.718351,11.59164561081624,0.28925553
-20.966236,-20.939064,11.547433170171844,0.6479917
-20.098963,-20.081661,11.493545297558548,0.00040635467
-23.622759,-23.62669,11.414014367659174,0.685993
-20.490818,-20.495527,11.496571529320395,0.0036897063
-23.014526,-23.061089,11.464793548322499,0.7360289
-21.739237,-21.805319,11.716989190314228,0.1612454
-20.00529,-19.972572,11.421825485964558,0.74201757
-23.537115,-23.559456,11.429871253559687,0.42495224
-23.228325,-23.23642,11.495941341098813,0.27041584
-23.36926,-23.414974,11.574891472145332,0.68799067
-23.116869,-23.264267,11.826457868308088,0.5707746
-20.515095,-20.499723,11.498586925307604,0.7576343
-23.225996,-23.406878,12.036789410478796,0.18031678
-22.753769,-22.791342,11.723834056930082,0.5636899
-20.682938,-20.705055,11.526125989167397,0.45307922
-20.142523,-20.171658,11.686145526596794,0.0374552
-23.795618,-23.795885,11.4795296169757,0.6400596
-20.857178,-20.840689,11.555342976551602,0.002193004
-23.36882,-23.363745,11.53283641217332,0.48311755
-20.494932,-20.515697,11.441825697109616,0.75136626
-21.637667,-21.53147,11.286498212597401,0.61016977
-23.718386,-23.849226,11.65626730456128,0.7885621
-23.496609,-23.607527,11.909749795179868,0.6688657
-23.687433,-23.758522,11.894492710778763,0.5180494
-20.662825,-20.717653,11.759074981806256,5.797264e-06
-23.292276,-23.429337,11.863721977714974,0.5674425
-21.211796,-21.254034,11.62132690135849,0.0069762766
-23.507265,-23.617828,11.663541069478809,0.5877657
-23.199566,-23.217306,11.454908041454953,0.55324626
-20.174809,-20.16986,11.3910891082336,0.4050023
-23.637032,-23.728418,11.754477536849588,0.41878378
-23.501255,-23.622004,11.817665584356162,0.0028050542
-23.498394,-23.53906,11.669330904134007,0.6764074
-23.164528,-23.182669,11.569401869482391,0.5633324
-22.884993,-22.93164,11.80098848953815,0.1913524
-20.181715,-20.272186,11.86972389740277,0.0005764961
-22.0595,-22.031578,11.427278621707163,0.5672499
-22.363485,-22.37256,11.559241109116345,0.5815102
-21.573606,-21.597912,11.631688545324854,0.46660054
-21.925783,-21.958925,11.659789866764433,0.44825768
-21.13325,-21.18653,11.611636391106913,0.00047451258
-21.513361,-21.509333,11.502361296812982,0.63371116
-20.595453,-20.554773,11.773474399794587,0.294084
-22.035051,-22.055672,11.57111095517294,0.56332964
-19.826084,-19.816525,11.555312117775891,0.0037220418
-23.77251,-23.734276,11.411666117386957,0.21761575
-23.193707,-23.207193,11.501543946301306,0.459184
-20.650433,-20.65949,11.55948667661627,0.7482941
-22.888474,-22.989492,11.642918706864563,0.6307522
-20.926987,-20.974228,11.757954534832006,0.70177156
-23.695206,-23.734055,11.508465903861254,0.44134283
-23.611946,-23.61073,11.566101503337912,0.5551801
-21.788954,-21.812704,11.420005241441931,0.7233768
-22.76643,-22.837797,11.70897560187901,0.7201627
-19.898151,-19.932215,11.502612620803488,0.12287268
-20.855724,-20.825123,11.573002036071474,0.7318246
-22.907526,-22.934578,11.52014474962977,0.13840407
-21.4204,-21.39224,11.371866433826753,0.07159084
-21.905449,-21.839672,11.379877571623236,0.75981253
-20.305613,-20.290922,11.42286515970753,0.7719691
-20.294777,-20.2719,11.427019352766596,0.004812211
-22.957453,-23.042654,11.441696494297954,0.35869914
-19.663128,-19.809946,11.679179479251596,1.9321595e-07
-23.17831,-23.215332,11.809907776626419,0.69814837
-23.131504,-23.150679,11.583283942085217,0.6277205
-22.24309,-22.27019,11.517648190369403,0.45681727
-21.460728,-21.459715,11.401857783565864,0.007841587
-23.001396,-23.009354,11.42383916251399,0.5997669
-20.59198,-20.615208,11.368349453110534,0.75488484
-23.326338,-23.301554,11.539280282276417,0.55580264
-22.114513,-22.13261,11.479625075429567,0.53209406
-21.832815,-21.861004,11.632638989443132,0.06678593
-23.082932,-23.126047,11.635250378786854,0.19641331
-23.133633,-23.29024,11.891643124405483,0.6873634
-22.94353,-23.00406,11.519396376599124,0.51713526
-22.87682,-22.945526,11.746886473369536,0.38600045
-22.434923,-22.52502,11.771137117695694,0.63308823
-20.701385,-20.706177,11.496823432982055,0.47176614
-22.779598,-22.87462,11.757282025524534,0.7706587
-21.19519,-21.17585,11.53952766897623,0.40408474
-22.385328,-22.458048,11.64058251315866,0.25246185
-21.406923,-21.492014,11.759970901836455,2.7376358e-05
-22.104713,-22.111345,11.650148158974487,0.7411188
-23.114029,-23.235062,11.904703479359224,0.58119804
-23.709469,-23.6533,11.378290496293488,0.58806545
-23.330992,-23.33655,11.53853768271924,0.5383555
-20.526499,-20.484076,11.59091981151934,0.029232472
-23.470633,-23.504774,11.723378388884507,0.6549364
-23.072796,-23.086752,11.55917981360113,0.3500646
-22.373543,-22.715391,12.302301995397105,0.37134004
-22.06074,-22.018171,11.455645160262108,0.35233146
-20.190933,-20.18667,11.656737362198761,0.6672708
-20.16226,-20.167229,11.676386756326279,7.7935084e-08
-22.847948,-22.984432,11.845069495439743,0.80206907
-22.934916,-23.017775,11.648438824326036,0.65690994
-22.788923,-22.809538,11.600820052767743,0.50644666
-21.19741,-21.18391,11.627883011572543,0.7112623
-21.46819,-21.47385,11.585953554364641,0.64752245
-21.564789,-21.59797,11.611636391106913,0.46062422
-22.896029,-22.903934,11.492283202626295,0.6937622
-23.010962,-22.963789,11.412188008889665,0.54179573
-22.508638,-22.615252,11.722922690716942,0.0011525452
-21.472761,-21.49725,11.589467222698627,0.7638788
-21.53865,-21.550053,11.608396976614717,0.6572364
-20.346777,-20.343832,11.662369487404227,0.7899418
-19.710886,-19.775534,11.88788321069197,0.6851155
-19.824808,-19.865004,11.889458892146061,8.584211e-05
-21.87059,-21.918428,11.572941242029394,0.09056085
-22.045862,-22.079157,11.561203474404468,3.5385397e-05
-22.595936,-22.565252,11.5018582312316,0.40775377
-22.022697,-22.01954,11.441632288450707,0.6865195
-20.163866,-20.209187,11.453336640360686,5.45229e-05
-22.859816,-22.8363,11.508513064535778,0.60382223
-22.56635,-22.60588,11.64507527966782,0.73301613
-19.65951,-19.708378,11.734513570954704,0.017098486
-21.73608,-21.693167,11.436340290377922,0.032482773
-20.71198,-20.683521,11.3253544089968,0.4974053
-23.405787,-23.38317,11.745435527152605,0.69842905
-22.572334,-22.61619,11.614182637334633,0.28970477
-22.829544,-22.939064,11.81239920101719,0.8982644
-23.198565,-23.207298,11.76659416691211,0.5488651
-22.111063,-22.073904,11.49795729275969,0.6261702
-21.316387,-21.28685,11.416620757887824,0.1420506
-21.55216,-21.50866,11.635962149322246,0.5942658
-22.460535,-22.75977,12.025300448353624,0.02127853
-22.757986,-22.83307,11.725541780709861,0.57451314
-22.772692,-22.766207,11.524133803378128,0.49859366
-22.732187,-22.738722,11.604190669372295,0.45396096
-20.277735,-20.359606,11.774141882512172,2.043827e-05
-22.815954,-22.81994,11.558796412556303,0.5460265
-22.780123,-22.835073,11.804936223758194,0.16167995
-21.848627,-21.856098,11.648261966775777,0.0151537955
-22.115318,-22.073908,11.517648190369403,0.44669813
-21.617744,-21.595741,11.29341384521537,0.39598632
-20.990091,-20.991026,11.530601822322865,0.00055131316
-21.43619,-21.400541,11.455773347916251,0.62290186
-20.57796,-20.551678,11.63691068165659,5.0164053e-06
-21.69437,-21.722933,11.670615548927909,0.48466355
-20.157362,-20.153683,11.595271601315288,2.2457905e-05
-22.432762,-22.491201,11.64401202991161,0.55859387
-22.621672,-22.681562,11.739465880520129,0.53395176
-20.295465,-20.360018,11.69724493242657,0.0038546026
-22.836031,-22.892689,11.755375396030907,0.53481054
-22.088865,-22.118235,11.605393215195525,0.42675027
-19.620247,-19.66374,11.721098642481472,0.69283193
-22.07691,-22.08592,11.6679871723845,0.6544677
-21.519423,-21.43353,11.527619006693929,0.76586163
-22.952942,-23.01183,11.588740821937591,0.67300385
-23.048544,-23.115,11.773696964568645,0.62886655
-22.221054,-22.234564,11.607556256302125,0.45404518
-22.01165,-22.057573,11.534572932699405,0.38213158
-21.05612,-21.111025,11.434271791405482,2.5221245e-05
-22.250141,-22.28728,11.672424348857126,0.770143
-21.727198,-21.784983,11.743560383348996,0.68246806
-21.792597,-21.743177,11.490009738830839,0.5299882
-22.847595,-22.860771,11.41649035868933,0.7987963
-22.682096,-22.715387,11.638806601318189,0.29825145
-22.977236,-23.02068,11.583891021326142,0.81687164
-22.209448,-22.208885,11.526125989167397,0.11485779
-19.955233,-19.963907,11.660904306276176,0.68840706
-22.909039,-23.001207,11.614871084597901,0.6482644
-22.702818,-22.737045,11.574160536162992,0.15210715
-21.51917,-21.515594,11.455901533519521,0.64528346
-21.787489,-21.787067,11.489503910074273,0.65495926
-23.008345,-23.037022,11.478165066304733,0.8141737
-23.079767,-23.086872,11.532340023401984,0.42361745
-22.613295,-22.609337,11.684754133681748,0.66245943
-22.425772,-22.470558,11.586074541706983,0.56516194
-21.011423,-21.016369,11.601060959148997,0.7222369
-21.958069,-21.924896,11.444080468318926,0.4930741
-22.080267,-22.128916,11.656502337234883,0.0013392866
-20.804531,-20.838675,11.65626730456128,0.016408145
-22.391554,-22.668503,12.117254141639956,0.49409518
-22.748568,-22.76624,11.530787964988741,0.23461273
-22.947092,-22.978016,11.68597171343222,0.49311146
-22.232103,-22.265003,11.508889160689689,0.5186063
-22.99226,-23.035473,11.529732182477144,0.79579
-22.670736,-22.725964,11.579760741432981,0.29167128
-22.340935,-22.362015,11.609837323357855,0.013085574
-22.441528,-22.493206,11.605814001725792,0.61446524
-22.487785,-22.49113,11.528240750608154,0.40094867
-21.950466,-21.910135,11.409315603262709,0.45579427
-20.286592,-20.253204,11.631688545324854,0.6124181
-22.145197,-22.110355,11.406701318725831,0.5318733
-22.856976,-22.887543,11.800494620385669,0.5774076
-22.065035,-22.106403,11.709434322338483,0.5870312
-21.265873,-21.224802,11.39332561473743,0.04298839
-22.733055,-22.765379,11.434271791405482,0.37137592
-21.795923,-21.7982,11.53952766897623,0.7973212
-22.488274,-22.531637,11.636258699755343,0.1105752
-21.61625,-21.576702,11.541753789320612,0.35320717
-22.69751,-22.688854,11.39962916011201,0.59736353
-19.976278,-19.958654,11.510142290348721,3.2562218e-06
-21.093681,-21.072296,11.58558941341255,0.8180189
-20.817415,-20.808718,11.57196535238245,0.60111237
-22.545597,-22.516232,11.522389434245037,0.6279209
-21.208378,-21.1956,11.555312117775891,0.062633425
-21.123882,-21.127617,11.561816243254379,0.6175056
-22.083408,-22.137335,11.73315317248214,0.32059088
-19.368103,-19.435165,11.834085236413246,0.00021141768
-22.7243,-22.693579,11.423319602901179,0.5669519
-22.327568,-22.338774,11.485582634622052,0.68380713
-22.746542,-22.743282,11.690661437361467,0.6479034
-21.740301,-21.75444,11.500726510288182,0.10263994
-20.988745,-21.04088,11.650737384161268,2.0719976e-05
-22.896158,-22.954838,11.70897560187901,0.72301424
-22.344347,-22.362082,11.55223772050197,0.819488
-20.40716,-20.424881,11.700701782746721,0.7448807
-21.43552,-21.452143,11.575653112720417,0.5464839
-20.408852,-20.420712,11.730202809830754,5.7870973e-05
-21.85478,-21.884771,11.586074541706983,0.12117472
-22.15552,-22.23309,11.769800349598585,0.13109437
-22.55208,-22.585115,11.55334470945298,0.52959865
-22.362392,-22.401709,11.688925762029971,0.58309966
-22.59808,-22.567198,11.595512882515619,0.35765713
-22.125048,-22.131536,11.565611960483231,0.6058775
-21.449387,-21.451147,11.649205221107799,7.888968e-05
-20.12208,-20.128254,11.673590433519399,0.00059491396
-21.389849,-21.419514,11.685218089758429,0.5766405
-20.696146,-20.697557,11.635962149322246,0.80735254
-22.843159,-22.891014,11.710580704256289,0.7362521
-22.416758,-22.45273,11.65661985068057,0.63154197
-21.806353,-21.806793,11.441503082543871,0.77097124
-19.921865,-19.937841,11.657794301278754,0.70411974
-22.297659,-22.38659,11.703923087149683,0.24047223
-20.816261,-20.869732,11.723834056930082,0.43344975
-19.97536,-20.012432,11.727020791563444,4.9280803e-08
-21.85076,-21.828484,11.544965805097057,0.57435274
-20.60057,-20.630053,11.703808079841226,0.73257196
-19.666569,-19.674707,11.588983093024884,0.54891676
-21.952126,-21.937744,11.439052138630739,0.7904085
-22.190756,-22.196373,11.574160536162992,0.5927175
-20.951725,-20.963083,11.684754133681748,0.00047791004
-22.180073,-22.176704,11.442663483563452,0.6168529
-22.273628,-22.237597,11.33398501818294,0.36237273
-21.338737,-21.35105,11.752343622657923,0.12978372
-22.004135,-22.023252,11.553775270111842,0.0050386786
-22.090239,-22.050232,11.367419687699956,0.38714314
-22.177559,-22.23246,11.690892841134575,0.6984031
-22.205002,-22.247503,11.558013933073063,0.5610964
-21.468998,-21.49808,11.590556690906539,0.73044324
-22.176807,-22.192924,11.481908240135311,0.84430647
-22.102339,-22.131138,11.661607576818245,0.48741868
-22.420033,-22.43094,11.574160536162992,0.39653206
-22.240007,-22.208616,11.422345538035914,0.6755196
-22.469744,-22.528553,11.707369363744164,0.72013336
-21.850428,-21.837599,11.300344968550228,0.7315485
-20.66502,-20.611877,11.203971502264093,0.7538297
-20.083351,-20.056864,11.226370942382214,8.0727e-05
-22.178217,-22.176771,11.60130185768113,0.057386756
-22.556982,-22.609919,11.81455385297771,0.45639992
-22.316673,-22.347805,11.643465485586283,0.5659507
-20.4125,-20.446836,11.795933354250362,0.32638216
-21.648676,-21.607845,11.463579822917701,0.4066429
-22.634855,-22.714592,11.845935046405199,0.78277135
-21.824083,-21.782436,11.496571529320395,0.46646237
-22.22982,-22.332432,11.751486600105979,0.3408074
-21.436106,-21.44794,11.56879088631813,0.4799881
-20.334883,-20.369493,11.738815527957343,4.8993432e-05
-21.638498,-21.686348,11.592220135473747,0.59592134
-22.169403,-22.214258,11.620132770124435,0.008519471
-19.94516,-19.99031,11.774253060026425,0.76943684
-21.48302,-21.486551,11.582433948234081,0.63782233
-22.003267,-22.0354,11.657383448468977,0.66611093
-19.61122,-19.650621,11.824777047520007,2.317526e-05
-20.678396,-20.6913,11.553590858735358,1.635096e-05
-21.658728,-21.64613,11.527619006693929,0.1258739
-19.764183,-19.834162,11.841199504537999,0.6933104
-21.218142,-21.202301,11.553098942923627,0.29705435
-22.116402,-22.130533,11.543236726980313,0.4617407
-22.362823,-22.356716,11.425721692832566,0.3461346
-21.84297,-21.867653,11.707598876368458,0.0018500686
-21.182592,-21.20554,11.705991555124356,0.12513015
-20.805664,-20.81776,11.682433127551347,0.0021923482
-21.405289,-21.405668,11.580247027081594,0.07882455
-20.544382,-20.478653,11.53109871523004,0.33133966
-22.183372,-22.192379,11.493671299016848,0.55580264
-20.2603,-20.234098,11.43685703516142,0.54216725
-21.837074,-21.837397,11.549158951317654,0.5138077
-21.29783,-21.291443,11.608757089724627,0.77770805
-22.205254,-22.191216,11.46874882830911,0.5678771
-22.405697,-22.414911,11.490009738830839,0.5752918
-22.152817,-22.224249,11.750910376820599,0.743416
-22.12679,-22.235804,11.78180065892504,0.29472798
-22.285769,-22.289602,11.583041096569055,0.68037355
-20.9642,-20.935131,11.63026216267337,0.38268793
-21.847963,-21.864864,11.450768947511637,0.5707292
-21.67481,-21.72319,11.674464631067915,0.066875905
-22.197706,-22.235483,11.574404059523555,0.41388294
-21.649672,-21.661646,11.590193552564232,0.55386704
-19.577295,-19.62213,11.701162196858231,0.0013815165
-21.609343,-21.619503,11.527619006693929,0.710063
-20.28068,-20.30155,11.595995809873596,0.6821066
-21.671333,-21.706583,11.633470260295514,0.42676526
-20.748041,-20.73384,11.800769101510745,0.6917099
-20.156921,-20.145422,11.47454287630697,7.1184274e-07
-21.122753,-21.108992,11.493545297558548,0.67989343
-20.152462,-20.142666,11.473779475747333,0.74718255
-21.211782,-21.216665,11.560222550574952,0.7196675
-22.129713,-22.171503,11.640464158344633,0.78257716
-21.53111,-21.529484,11.598168011126068,0.80618286
-20.694923,-20.691746,11.578787685921949,0.060685962
-20.380182,-20.443483,11.728328251577116,0.0052877963
-21.916414,-21.986807,11.752343622657923,7.851515e-05
-21.578491,-21.58375,11.526623563120813,0.07419571
-21.945606,-21.949638,11.583041096569055,0.5354852
-21.817175,-21.81664,11.526125989167397,0.57112
-22.222685,-22.31776,11.915016181715412,0.7538475
-22.182564,-22.375456,12.101679959501077,0.7962096
-21.723618,-21.695786,11.512647158371477,0.55093545
-19.915071,-19.92321,11.574404059523555,0.6719154
-21.605648,-21.590328,11.608757089724627,0.6536678
-21.683142,-21.703875,11.404738766047215,0.5753091
-20.06751,-20.165762,11.849789075038528,0.26973462
-21.401278,-21.354836,11.4171415388433,0.5844475
-21.624474,-21.654284,11.609537177416573,0.65494466
-21.689919,-21.703278,11.603228181115405,0.00046426058
-21.804693,-21.901655,11.78445778434503,0.55676484
-21.02078,-20.993431,11.483936070904509,0.8001754
-19.695452,-19.736433,11.846464998168505,2.8948084e-09
-21.86198,-21.918222,11.718816615314969,0.6848118
-21.206455,-21.202374,11.517211278419285,0.82881224
-20.573467,-20.59516,11.569767967729316,0.7244457
-21.802874,-21.823175,11.597806021805589,0.7196059
-20.251303,-20.274727,11.914705265605281,1.8537785e-05
-21.313929,-21.333353,11.504622921523515,0.044021994
-19.837189,-19.816437,11.47072434926764,3.400518e-05
-22.427101,-22.447336,11.595648866851207,0.5734163
-21.681372,-21.712715,11.582191075083736,0.09870717
-22.249828,-22.335611,11.719729669390185,0.7089511
-21.05072,-20.979877,11.232396485375158,0.67600155
-20.885254,-20.893421,11.494049684986326,0.67927516
-20.367811,-20.416828,11.734286856634403,0.18976647
-22.171175,-22.21251,11.548450544758552,0.5487173
-21.983076,-22.014395,11.564143531434695,0.3488332
-22.175457,-22.223164,11.73156512783236,0.8190788
-21.993298,-22.00696,11.643952977328574,0.561473
-22.231516,-22.266623,11.703463237904813,0.07443121
-21.10059,-21.077785,11.533084790408443,0.4439101
-20.466341,-20.466955,11.670790701038346,0.7919142
-20.790873,-20.840508,11.627883011572543,0.0082188845
-20.733109,-20.76483,11.650148158974487,0.00020053983
-20.790077,-20.818495,11.600338022321486,0.0003553331
-22.336432,-22.274004,11.287526399464088,0.56233835
-22.146454,-22.166077,11.521890802552129,0.58311623
-21.61993,-21.64782,11.552852777696266,0.35320258
-21.491812,-21.492836,11.513648329644848,0.6812835
-21.434301,-21.432693,11.734740277770458,0.20547885
-21.853382,-21.863033,11.532092012892255,0.117724985
-21.514534,-21.556292,11.574160536162992,0.52731866
-21.067583,-21.074785,11.654856753954387,9.5640404e-05
-20.523438,-20.572107,11.72064241190568,4.432788e-08
-20.255184,-20.267218,11.52712149701384,0.7477792
-20.254335,-20.326332,11.7281577771586,0.017226517
-22.24211,-22.342018,11.799011847296775,0.6501648
-21.329443,-21.35023,11.552852777696266,6.2065446e-06
-21.256577,-21.298645,11.542001096020037,0.58470726
-21.860971,-21.812008,11.441503082543871,0.5291521
-21.068947,-21.095104,11.666584128062134,0.7509093
-21.552845,-21.547785,11.481908240135311,0.66549003
-21.751472,-21.77842,11.631688545324854,0.06678304
-20.22624,-20.190256,11.568057797049912,0.6695647
-21.539959,-21.53698,11.52363567654696,0.41989374
-22.096718,-22.16273,11.676852414727215,0.2949962
-20.975084,-20.982553,11.543978087849297,0.0028985739
-21.977667,-21.970682,11.530353363828313,0.6291465
-22.08746,-22.124859,11.54413221927491,0.44142276
-21.852686,-21.851555,11.47225245426107,0.032956958
-20.07565,-20.069622,11.61307455311102,0.004634261
-20.318588,-20.306501,11.51889676689804,0.0013951063
-21.497885,-21.51085,11.47346169946618,0.5703243
-21.943335,-21.944359,11.540764873867275,0.7996547
-21.931608,-21.938597,11.42598140020674,0.48714626
-22.016592,-22.013678,11.551376009635757,0.55580264
-21.856998,-21.831697,11.525130352751777,0.8369795
-21.217262,-21.247295,11.686609199232473,0.66474855
-20.90765,-20.87767,11.54002280978599,1.5680971e-05
-20.098413,-20.1106,11.83105929006564,0.604133
-21.449802,-21.912333,12.434503045365627,0.0003760159
-22.125916,-22.269398,11.889248836663494,0.12056506
-21.67691,-21.624758,11.312354193629446,0.49401796
-20.5873,-20.563187,11.643775623692203,0.6584752
-21.123463,-21.09011,11.576840416471072,0.056824625
-21.806885,-21.811417,11.523386601077021,0.55184543
-19.900621,-19.886173,11.681504050588396,0.042802334
-20.4762,-20.46037,11.568057797049912,3.7434966e-05
-20.4169,-20.406109,11.687072649521163,0.012088865
-20.603657,-20.573189,11.73156512783236,0.0071538687
-21.049059,-21.047941,11.539280282276417,0.77175605
-21.858513,-21.902617,11.638332861074424,0.21675175
-21.553839,-21.550797,11.474797458397497,0.5915021
-21.988111,-22.109241,11.857595069904992,0.7106614
-21.875471,-21.839453,11.363963257946802,0.17356217
-21.367037,-21.416367,11.714016230531596,0.000116421725
-21.145056,-21.134546,11.602987345377162,0.6497371
-21.77312,-21.827337,11.665882117457837,0.51763886
-21.86758,-21.845707,11.482922417775471,0.23541024
-21.222744,-21.281551,11.776031459618896,2.9468786e-06
-20.257286,-20.291069,11.836028010246823,0.6136294
-21.700382,-21.732515,11.560467695871907,2.0926411e-06
-21.41782,-21.415405,11.56659062437448,0.7660978
-21.164108,-21.14923,11.587287029868747,0.7862822
-22.002613,-22.055656,11.57635352002557,0.59756255
-21.40186,-21.407274,11.371932785322404,0.4202134
-21.368406,-21.446022,11.704095498878477,9.742332e-06
-20.842348,-20.879875,11.612115938940786,0.70291114
-20.676435,-20.625488,11.630143252595257,0.0018872023
-21.506767,-21.542334,11.643952977328574,0.41292167
-21.228096,-21.25083,11.63406374606598,0.47452077
-20.977716,-20.961645,11.47505163763287,0.7524868
-21.970549,-22.048996,11.789817412457875,0.31153768
-21.323917,-21.35776,11.728385075443777,0.2515772
-21.673655,-21.739902,11.73745807928155,0.007923782
-21.636091,-21.657488,11.596720336171794,0.2755679
-21.660284,-21.692003,11.651267375636166,0.5408915
-22.106968,-22.123058,11.57219413660921,0.58501875
-21.55832,-21.55797,11.594305232254419,0.15307605
-20.631538,-20.650919,11.715503252036907,0.7755072
-20.821888,-20.82186,11.542001096020037,0.010830343
-20.389524,-20.476,11.913876017291638,0.005861491
-19.65706,-19.657719,11.776920008719019,3.3301774e-08
-21.559385,-21.621952,11.69911814772728,0.7832559
-20.945204,-20.93007,11.617981758027836,0.0027718246
-21.708498,-21.718033,11.549405627088737,0.6131961
-21.17078,-21.186987,11.756384989133924,0.09998101
-20.75189,-20.81768,11.687304363225739,0.07483053
-20.941612,-20.982656,11.567568771235024,4.6177454e-05
-21.885014,-21.902533,11.578057519199813,0.0011019409
-21.159071,-21.155117,11.50110376881138,0.5756237
-21.173632,-21.229967,11.643539402722775,0.017332822
-21.529888,-21.541336,11.586317288524185,0.5996671
-20.940266,-20.93309,11.635250378786854,0.057171613
-21.899145,-21.938429,11.732699646306843,0.5650821
-21.56591,-21.56251,11.544965805097057,0.03651285
-21.188124,-21.179413,11.579274034801395,0.5835396
-20.796799,-20.810328,11.571477360029718,0.46573347
-21.822227,-21.855585,11.693320299778387,0.81413484
-20.289316,-20.273863,11.646374122712214,0.69647264
-21.982344,-22.016071,11.585710795705525,0.46349093
-20.226408,-20.252405,11.729066925199529,0.73873085
-21.230291,-21.2181,11.59961501482888,0.52951235
-20.71668,-20.697462,11.515148862787687,0.7114799
-21.231,-21.248533,11.537918729478093,0.021500945
-21.488895,-21.496517,11.588498542966267,0.0015665293
-21.539154,-21.57523,11.563408819556013,0.3062054
-21.61012,-21.701622,11.762153070088715,0.0002821982
-21.372463,-21.398867,11.584012431250999,0.7205188
-21.585241,-21.608898,11.65838155064514,0.6036669
-21.644636,-21.6727,11.69401345880059,0.7174716
-21.377142,-21.376307,11.480639940545332,0.5323462
-20.939898,-20.974436,11.58558941341255,0.74228716
-21.255049,-21.229027,11.441503082543871,0.84461987
-21.82399,-22.067295,12.12084232853719,0.5953588
-20.366365,-20.32949,11.443951697829533,0.6623256
-21.020554,-21.01839,11.52911095096929,0.77097
-21.586552,-21.61325,11.791141293648149,0.8043523
-21.129406,-21.153894,11.591887398594904,0.012343407
-21.024973,-21.005127,11.496319617560154,0.78662384
-21.459288,-21.479387,11.62550114821539,0.73261
-21.587708,-21.619566,11.570500890454843,0.017936915
-21.367357,-21.372095,11.57635352002557,1.3732222e-05
-21.175673,-21.118484,11.458975790618014,0.7305893
-21.46824,-21.465014,11.526872534089158,0.050810724
-20.29953,-20.307245,11.725200307979872,0.5941426
-21.634323,-21.67358,11.734740277770458,0.7073176
-21.000647,-21.035646,11.709720935551584,0.004547894
-21.32542,-21.274742,11.24078166154855,0.73413056
-21.658564,-21.698147,11.623832432542283,0.0324319
-20.382744,-20.407976,11.68196860435096,2.634625e-05
-21.232498,-21.230751,11.511144570153977,3.2706316e-06
-21.318592,-21.330784,11.573489929407259,0.6739999
-20.78944,-20.796879,11.826945645753959,0.7542404
-19.61428,-19.64762,11.667636533395429,1.2352726e-05
-20.824793,-20.920813,11.896795413108862,0.6599752
-21.483793,-21.507822,11.629905426606758,0.00011755189
-20.840628,-20.838068,11.587044314631925,0.00088211894
-20.67987,-20.738218,11.691008444306792,0.65491277
-21.31726,-21.312147,11.365492646320638,5.796581e-05
-20.11478,-20.124598,11.711612018615881,0.0010177493
-19.90891,-19.987421,11.836459345620352,0.002481103
-21.34368,-21.372696,11.56114219478762,0.00037154555
-21.380264,-21.41067,11.625024411256543,0.10230282
-21.296488,-21.34465,11.814253968886618,0.24351811
-20.893661,-20.860424,11.370871897885905,0.6536402
-20.230207,-20.217716,11.896795413108862,0.59839547
-21.290585,-21.366602,11.750094990454938,7.0496804e-05
-21.32773,-21.394152,11.65226825691261,0.064906925
-21.720253,-21.678616,11.46306874619376,0.59537214
-21.51968,-21.523579,11.612595261663168,0.7235974
-21.333445,-21.331104,11.625441557799766,0.5128776
-21.5687,-21.608562,11.633114068232429,0.49268427
-20.918148,-20.950535,11.574769914166996,0.4574407
-21.638048,-21.636059,11.572453313050516,0.8547592
-21.765871,-21.827745,11.700816841259218,0.82994354
-21.633165,-21.613356,11.369544600308783,0.71145165
-20.50858,-20.581244,11.892711337476563,0.6545452
-20.743109,-20.790178,11.783129732530865,3.3089087e-05
-20.842852,-20.837343,11.616905433858173,0.35388172
-21.135372,-21.145435,11.614033042165584,0.6160964
-20.248274,-20.26369,11.671724260085407,0.5516444
-19.785755,-19.820969,11.737910719076021,0.68884975
-21.448463,-21.45306,11.544471766865644,0.6011706
-20.960943,-20.967478,11.569767967729316,0.0002795756
-21.213478,-21.258121,11.483936070904509,0.6070836
-21.783476,-21.842827,11.68602965163027,0.0002193749
-21.155615,-21.197634,11.649205221107799,0.00090274215
-21.269821,-21.32096,11.708287368811332,0.7103002
-21.096968,-21.14702,11.668922061137447,0.00023645163
-20.683044,-20.702656,11.672890844152938,0.6302664
-20.036718,-19.977898,11.571477360029718,0.48547876
-21.01667,-21.04179,11.662369487404227,3.8936116e-07
-21.544447,-21.623514,11.813899474207036,0.667179
-21.330784,-21.365997,11.585832176022912,0.6226426
-20.645132,-20.649837,11.53952766897623,0.00061142445
-20.934393,-20.974596,11.60130185768113,0.70102847
-19.700027,-19.728006,11.68196860435096,0.49251753
-20.313164,-20.295942,11.684754133681748,0.046880096
-21.046888,-21.074867,11.468398459789952,0.7540648
-21.739916,-21.79271,11.63406374606598,0.014772922
-19.690367,-19.69599,11.565611960483231,0.5862641
-19.786983,-19.81967,11.722409898853808,0.6852235
-21.291498,-21.336422,11.677550844919615,0.5093939
-20.132177,-20.092638,11.763997655180825,2.7481526e-08
-21.116943,-21.155203,11.66705196846065,0.71901125
-21.300787,-21.35362,11.613553813279953,0.71000135
-21.55324,-21.597473,11.6679871723845,0.80518866
-19.99908,-19.998037,11.642120563349557,0.7003289
-21.472315,-21.48035,11.53779501113012,0.06955552
-19.816017,-19.857674,11.825644761725366,0.6295268
-20.499542,-20.515232,11.710351481242702,0.731883
-21.088718,-21.12587,11.698397724937628,0.04236734
-21.013763,-20.956076,11.571477360029718,0.1510475
-20.852842,-20.912453,11.750657408458693,6.192042e-06
-21.279655,-21.322676,11.634894467318897,0.7705815
-20.722517,-20.788242,11.795493101697112,3.7143043e-05
-20.870005,-20.838823,11.485456109361259,0.7938241
-20.889603,-20.892391,11.499593838582676,0.07364562
-21.077337,-21.090023,11.581705305100952,0.20143169
-20.716547,-20.744938,11.74265734514088,0.07762891
-20.91723,-20.956034,11.640227442904656,0.4858708
-21.184658,-21.214468,11.605272930631797,0.71154773
-21.128658,-21.157335,11.679993271793355,0.010215819
-21.563065,-21.595257,11.67099487949805,0.31022924
-21.046644,-21.102997,11.688809932825816,0.6956595
-20.829226,-20.836754,11.597685613711553,0.018770397
-20.585627,-20.581324,11.512396550777833,0.0004389286
-20.46491,-20.495728,11.658616321347758,0.012857437
-19.798235,-19.823294,11.557768708293446,0.013218224
-21.29449,-21.312717,11.632638989443132,0.60840195
-20.36925,-20.35011,11.532092012892255,1.4557039e-05
-20.98252,-20.991323,11.528613537671019,9.527035e-07
-20.993578,-21.021137,11.631213179979223,0.7459829
-20.744608,-20.749733,11.73201891962606,0.005110234
-19.72975,-19.784218,11.769800349598585,0.015164077
-21.512844,-21.517763,11.550883559565083,0.5946963
-21.13977,-21.180391,11.658616321347758,0.09937796
-20.168509,-20.207413,11.755487643793106,0.74072397
-20.593561,-20.621065,11.707369363744164,0.509022
-21.081453,-21.060944,11.543298542405086,0.5477544
-20.549686,-20.540823,11.394639963563817,0.7422277
-20.592176,-20.599525,11.594063523173233,0.005980909
-20.948227,-20.98451,11.647790196812172,0.009685576
-21.254385,-21.237993,11.487481057923357,0.52792543
-20.39088,-20.361477,11.543978087849297,0.6559173
-20.779617,-20.807749,11.566835172992041,0.68366635
-21.032814,-21.114243,11.754365272331698,0.0023458898
-21.100054,-21.10545,11.632638989443132,0.37398964
-20.314783,-20.331825,11.676619589353667,0.000107675776
-19.462446,-19.507557,11.799890721649673,0.6195057
-20.723387,-20.717693,11.51164546517884,0.00027939677
-21.431524,-21.443426,11.477974507548236,0.00038945675
-21.20263,-21.25841,11.4594879201732,0.009835929
-20.634453,-20.63424,11.66880513464249,0.6783193
-20.276636,-20.29851,11.611636391106913,1.9625511e-05
-21.681559,-21.729015,11.706795357782745,0.67565656
-20.627792,-20.70578,11.887988355335802,0.6934921
-20.429935,-20.43712,11.555312117775891,1.5600149e-06
-20.292643,-20.306692,11.643539402722775,0.5559336
-21.181376,-21.201605,11.554328477364404,0.3214732
-20.581709,-20.510792,11.456926944505055,0.78574336
-20.995409,-21.02305,11.686145526596794,0.0008004904
-20.467903,-20.485466,11.645901843226875,0.7354672
-20.742355,-20.736685,11.523137517571634,0.12033874
-21.41943,-21.456959,11.625262783631285,0.77874947
-21.100662,-21.134998,11.568607620691985,0.21443728
-20.787773,-20.79375,11.515649106890017,0.43656862
-20.477907,-20.455534,11.797638017677734,0.006818533
-21.183634,-21.193935,11.604250820721777,0.6309232
-20.78779,-20.78924,11.532588417688595,0.32494533
-21.823349,-21.819489,11.573398354400407,0.4303823
-21.239676,-21.27898,11.643539402722775,0.66724914
-21.144794,-21.156,11.52712149701384,0.015612245
-20.222569,-20.289053,11.716532115363401,0.60168177
-19.971092,-20.01063,11.722466771584108,0.007858008
-21.150606,-21.179052,11.64141094260605,0.7131188
-21.453798,-21.50294,11.66787023052715,0.40142858
-20.91867,-20.973936,11.68985156000695,1.5245457e-06
-19.757277,-19.800518,11.7333799243177,0.7089013
-20.00084,-20.014404,11.6534451549404,1.502304e-05
-20.416946,-20.38334,11.385819432546676,0.70838046
-20.587381,-20.559584,11.608757089724627,0.0005888343
-19.951431,-19.926838,11.515649106890017,0.571726
-21.160515,-21.168518,11.547433170171844,0.0003040135
-20.406858,-20.39478,11.620729860118143,0.08029297
-21.256119,-21.293901,11.653915783042851,0.46911815
-20.105629,-20.11597,11.77558685672249,0.0035779476
-20.454746,-20.47179,11.765338233553159,0.51850045
-21.07129,-21.085865,11.600338022321486,0.2098934
-20.234306,-20.261015,11.713329452482494,0.05312869
-19.835222,-19.84632,11.677783639672594,0.70125496
-20.393564,-20.397058,11.707484121002695,0.007327348
-20.864342,-20.911983,11.676852414727215,0.5311645
-20.497087,-20.424688,11.8236919126769,0.7211982
-20.35602,-20.375313,11.55383660934389,0.005941361
-19.408213,-19.470844,11.657442198205477,0.7233559
-20.674849,-20.720335,11.724175788194293,0.74235135
-20.19544,-20.16076,11.57635352002557,2.4524732e-05
-20.95409,-20.981213,11.676212126533217,0.112024695
-20.78857,-20.807861,11.562674036185976,0.0017191172
-20.867807,-20.910427,11.59991634125417,0.0014575124
-20.026539,-20.017149,11.60130185768113,0.0031533837
-21.031107,-21.10813,11.776253560635851,0.00025835633
-20.117998,-20.166319,11.798572366177499,0.04795146
-20.247648,-20.262253,11.67125749589605,8.596877e-05
-20.249237,-20.243624,11.577327281287968,1.4504131e-05
-20.94832,-20.981447,11.644721009136909,0.7237319
-20.757914,-20.797981,11.63026216267337,0.005723685
-20.462603,-20.458479,11.542495685408626,0.010625094
-20.714218,-20.711704,11.641884095191774,0.7206165
-20.84474,-20.88615,11.58376960942675,5.5081648e-05
-20.00029,-20.045942,11.73926788746738,0.7566149
-19.425846,-19.49303,11.893969005350762,0.031538665
-19.831413,-19.846542,11.762544301687909,0.0047023594
-21.024088,-21.04986,11.638688217444964,0.59033114
-20.031185,-20.024082,11.56512277596296,0.0019278228
-20.268333,-20.279625,11.63026216267337,1.0855594e-05
-20.214937,-20.196762,11.647790196812172,0.697819
-20.985706,-21.011293,11.62865642251991,0.012924463
-20.50925,-20.52988,11.628001958586731,0.0021791458
-20.683796,-20.695044,11.544471766865644,0.67871
-20.525349,-20.554918,11.56463316958305,0.69274354
-20.70713,-20.752697,11.61379333474124,1.7662245e-05
-20.413818,-20.407408,11.632638989443132,0.73385173
-20.455465,-20.499836,11.758178753009254,0.5948138
-20.295788,-20.279882,11.493545297558548,0.6881237
-19.751328,-19.791033,11.728385075443777,0.00038596988
-20.434202,-20.46029,11.560467695871907,0.062426955
-20.928255,-20.925318,11.490641191217824,0.7582483
-20.68954,-20.686495,11.620132770124435,0.0029653907
-20.938555,-20.93583,11.619296491149235,3.2811677e-05
-19.69308,-19.765226,11.778252137569456,0.5164581
-20.62733,-20.648052,11.61307455311102,0.6712382
-19.778713,-19.792322,11.692049170601006,0.62558424
-20.477907,-20.504725,11.776031459618896,0.7476346
-20.407179,-20.439367,11.662369487404227,0.69528484
-20.954128,-20.98182,11.519521175872718,0.0077955723
-20.911972,-20.9561,11.688925762029971,0.020909369
-20.759329,-20.781855,11.662486712009748,0.486588
-20.635607,-20.659666,11.603468814943176,0.00019794703
-20.049295,-20.073833,11.638332861074424,0.033069402
-20.795185,-20.807594,11.622162367472159,0.6004298
-20.381891,-20.407701,11.639517250094228,0.011598468
-20.25198,-20.293367,11.609237213136648,0.28441593
-19.62441,-19.671616,11.609957145643289,0.6633484
-19.976257,-20.021473,11.820976495940577,0.7462194
-19.677324,-19.686474,11.74604131438517,1.9125189e-06
-20.486723,-20.534655,11.816079603553456,0.0009936392
-19.887877,-19.875767,11.558259540379648,0.6806111
-19.87865,-19.896841,11.595512882515619,0.105178684
-19.436296,-19.493013,11.898782013869528,0.06384191
-20.26627,-20.320606,11.786559203019692,0.00019428134
-20.330996,-20.35406,11.479625075429567,0.46121988
-20.283577,-20.250149,11.497075722125011,0.7492296
-20.535055,-20.534254,11.584254856058259,0.65644276
-20.410984,-20.375261,11.480132721485177,0.68057173
-19.96935,-19.942133,11.563653861522447,0.081033885
-20.777191,-20.762169,11.528862052351666,0.03544891
-21.278849,-21.356833,11.81128017381892,0.7536
-20.493725,-20.555021,11.791527242025433,0.0003566146
-19.55778,-19.59142,11.705991555124356,5.3090196e-07
-19.887892,-19.879375,11.693089359318002,0.00019040704
-20.710588,-20.708542,11.565611960483231,0.00017365813
-20.065632,-20.06545,11.532092012892255,0.0003901422
-20.2125,-20.22598,11.640227442904656,6.990988e-06
-19.450499,-19.502398,11.774253060026425,9.795028e-07
-21.129555,-21.167938,11.69112423728511,0.54810566
-20.327265,-20.342636,11.62597766054758,0.09365392
-20.527294,-20.544985,11.50110376881138,0.56166303
-19.855492,-19.904152,11.823040519142978,0.709462
-19.437784,-19.527695,11.887830730756352,0.7403127
-20.366772,-20.367235,11.591887398594904,9.032058e-07
-21.094124,-21.140757,11.631688545324854,7.065996e-05
-20.91956,-20.939175,11.652503806154161,0.70472914
-20.518839,-20.539574,11.632995204811177,0.72691655
-20.20299,-20.239021,11.823583445616162,0.7619866
-20.041086,-20.041618,11.640700866035296,0.048433006
-20.643234,-20.671967,11.795933354250362,0.7571901
-20.505417,-20.528645,11.526125989167397,0.796538
-20.757185,-20.789007,11.6856818234374,0.10413942
-20.302963,-20.336128,11.790644987280363,0.722621
-19.924673,-19.917463,11.738815527957343,0.75349015
-20.95283,-20.983877,11.607556256302125,0.75437427
-20.605982,-20.632757,11.673590433519399,0.04368782
-20.396313,-20.420675,11.706680589165781,0.7044213
-19.759825,-19.766912,11.514648979113003,1.6392154e-06
-20.290037,-20.307755,11.688346788717856,0.55298096
-19.623629,-19.69187,11.85983486781616,0.6901745
-19.522373,-19.571878,11.869829906326112,0.0009562373
-19.64689,-19.667202,11.727475646501738,0.007611364
-19.706627,-19.7388,11.705991555124356,4.369274e-06
-20.217964,-20.237469,11.73201891962606,5.4342563e-05
-20.481066,-20.50896,11.640227442904656,0.037056834
-20.669432,-20.669592,11.525627990959775,0.61439
-20.52328,-20.568542,11.684290147068518,0.5685236
-20.826834,-20.85057,11.69816714332789,0.53244734
-20.17593,-20.21821,11.740172326250892,0.031722426
-19.764944,-19.772772,11.65061958154808,0.64547586
-20.33128,-20.331207,11.495563046381054,0.0019324422
-20.829048,-20.876583,11.665180037693055,0.27417177
-20.157307,-20.154074,11.573916615245125,0.6226862
-19.740759,-19.744352,11.669856634761715,0.0074343085
-19.695576,-19.702648,11.633588922679843,0.7044468
-20.000338,-20.019884,11.754758284972304,0.7287334
-20.030426,-20.07425,11.660962834578983,0.0037748516
-21.00192,-21.044909,11.702082934013891,8.93002e-06
-20.130938,-20.17369,11.736552519335106,0.07915822
-20.261919,-20.311125,11.60797653148574,0.016302943
-20.436049,-20.459454,11.629786510696507,0.00056278706
-20.357271,-20.411797,11.76623142481236,0.54942226
-20.328716,-20.33955,11.594728009919585,5.3666467e-06
-20.650381,-20.6617,11.655327096780255,0.034254074
-20.24947,-20.290047,11.667519585777871,0.28100556
-20.142427,-20.124937,11.656737362198761,0.6705198
-20.461697,-20.438011,11.592492222315075,0.00057291985
-19.783934,-19.797115,11.627883011572543,0.012729019
-19.912638,-19.970028,11.868981225155194,6.1025753e-06
-19.472528,-19.520447,11.767347273033382,0.3280378
-20.09481,-20.152927,11.801646987000737,0.020306975
-20.06597,-20.040424,11.582191075083736,4.4482874e-08
-20.389296,-20.41849,11.71378731207485,0.81955063
-19.985107,-19.96206,11.52014474962977,0.0015574992
-19.58175,-19.617147,11.869193452797646,0.16752964
-20.14709,-20.149439,11.646374122712214,0.7495702
-20.122316,-20.115162,11.710122250664309,0.5834197
-20.544268,-20.593903,11.702773120095769,5.990214e-05
-19.966976,-20.034065,11.96427131192942,0.02329716
-19.92283,-19.961266,11.735419972209744,0.5991463
-20.741915,-20.775782,11.797473252137198,0.010523498
-20.097778,-20.120852,11.587044314631925,0.7340976
-20.520222,-20.549932,11.694475462880433,0.7576196
-20.600384,-20.588955,11.624070843862064,0.8159137
-20.75584,-20.767546,11.625024411256543,1.1003665e-05
-20.22437,-20.254427,11.67824901414961,0.29585302
-19.685472,-19.759611,11.874596973822419,0.6567514
-20.05375,-20.127026,11.840338564857218,0.6402792
-20.105757,-20.14728,11.682433127551347,0.73863065
-21.077324,-21.132828,11.833869211420822,0.576232
-20.67796,-20.680977,11.61977437655434,9.307269e-06
-20.27374,-20.26353,11.651090780417585,0.22040188
-19.816887,-19.858461,11.804278809705544,0.70994705
-20.069355,-20.071571,11.633114068232429,0.00021517277
-20.057615,-20.080023,11.601060959148997,2.0460348e-05
-20.030931,-20.087816,11.811498645863129,0.73883885
-20.959507,-20.992971,11.665648162686765,0.67631507
-20.756422,-20.752857,11.625024411256543,0.78765196
-19.6184,-19.645294,11.842275142110974,0.00065231323
-20.450949,-20.440454,11.57452601305317,0.5142118
-20.346144,-20.377403,11.711497329502333,0.00061389804
-20.514645,-20.5468,11.725200307979872,0.0014466941
-20.253338,-20.273712,11.672657696442322,0.0005560219
-20.021938,-20.050808,11.769354574662486,0.5015293
-19.703466,-19.737354,11.889511358399691,0.7721912
-20.271698,-20.301529,11.703233206221853,0.0039379895
-20.926653,-20.963627,11.755936426302943,0.65934473
-19.798988,-19.825104,11.732926413145023,0.71682227
-20.835136,-20.866676,11.712470979818596,0.038751125
-19.80635,-19.836428,11.690314413275981,0.0013408363
-19.72,-19.75856,11.716989190314228,0.00067797303
-20.181227,-20.190248,11.581219114269057,0.7014716
-20.15112,-20.17569,11.697706148835012,5.525045e-06
-20.030327,-20.03498,11.536556151432686,3.2311345e-06
-19.981249,-19.992662,11.834301066501729,0.002188146
-20.157711,-20.214575,11.651090780417585,0.017018974
-19.887989,-19.912914,11.679644569893505,5.5521017e-05
-20.226637,-20.273073,11.878085288490302,0.04925558
-20.13586,-20.15383,11.750769734417862,0.28342426
-20.229084,-20.261892,11.751219589795667,0.683951
-20.031395,-20.060093,11.753691646128974,0.111580014
-20.089424,-20.111929,11.587529348251842,6.302627e-05
-20.457657,-20.448904,11.499593838582676,0.22173649
-19.978125,-19.97674,11.51402378467871,0.014006257
-20.370382,-20.42151,11.936143091550788,0.5380314
-20.449163,-20.49062,11.773696964568645,0.47591373
-20.077234,-20.129108,11.722922690716942,0.11089811
-20.472008,-20.448858,11.538661389069304,0.733768
-19.474592,-19.53728,11.910970449818336,0.6756648
-20.1102,-20.143175,11.724858818316152,0.00194785
-19.898388,-19.976656,11.893340203168325,0.014457256
-20.497576,-20.55907,11.79571323164137,0.7601392
-20.535,-20.576426,11.729010106970605,0.11675128
-19.937408,-19.928036,11.702313003626202,0.7139864
-20.136246,-20.153143,11.620252230745775,0.47323716
-20.21987,-20.221191,11.62120745829342,0.011501431
-19.848734,-19.842459,11.487734041385146,0.06975496
-19.750248,-19.800787,11.795933354250362,0.6315846
-20.113405,-20.157864,11.665648162686765,0.68045217
-19.544481,-19.594187,11.851502687432149,0.0015673637
-20.320211,-20.29044,11.584133839201247,0.0006726682
-19.722775,-19.737255,11.51164546517884,2.3142242e-05
-19.95392,-19.97441,11.750657218396274,0.71984994
-20.073671,-20.071238,11.62883492005332,0.7443695
-19.497847,-19.545721,11.749644870417985,0.0013980865
-20.565142,-20.578995,11.654386380279199,0.0024965107
-20.52049,-20.545147,11.751444411275852,0.3809863
-20.023191,-20.077442,11.832140563563778,0.00016385317
-20.031002,-20.078371,11.747393442281425,0.0010174811
-19.708204,-19.719555,11.795933354250362,5.8038216e-07
-20.257654,-20.30836,11.660962834578983,2.6799821e-06
-19.475588,-19.530024,11.812808571756333,0.0126081705
-20.143253,-20.144539,11.533084790408443,6.1154714e-07
-20.50658,-20.5687,11.74986993416773,0.12581539
-20.475622,-20.536995,11.812590331759457,2.6523197e-05
-20.8629,-20.971415,11.815861849225897,0.69914985
-20.331696,-20.392292,11.723150543565723,0.6775735
-19.550913,-19.588625,11.547433170171844,9.3054183e-07
-20.045988,-20.07883,11.62335539300964,0.0037671328
-19.489708,-19.549597,11.880829460720628,1.17243655e-08
-19.913534,-19.899092,11.589467222698627,0.32408094
-20.27717,-20.305973,11.529607940187816,0.008133292
-20.131021,-20.165268,11.691471029668685,0.036469728
-19.832586,-19.865906,11.988946147521066,0.003613621
-19.932858,-19.959272,11.534077047893192,5.8488922e-08
-20.569563,-20.614748,11.594305232254419,3.729277e-06
-20.196882,-20.175121,11.891348143340002,0.0009544492
-19.648218,-19.720575,11.959367633049455,0.62422156
-20.04597,-20.064465,11.711497329502333,0.66123
-19.67369,-19.696749,11.548419657984049,2.6182036e-07
-20.18639,-20.2462,11.645429532796172,0.5646872
-19.75272,-19.786684,11.600217655407455,0.4107877
-20.580791,-20.645702,11.77403051374634,0.078449726
-20.299152,-20.33063,11.706106335100618,0.013740748
-19.843508,-19.869057,11.500097443340284,0.6081624
-20.4227,-20.436743,11.691817996616692,0.2274715
-20.003061,-20.021755,11.571477360029718,0.11121234
-19.737995,-19.749266,11.62395163917563,0.0060449243
-20.508469,-20.540705,11.736099599165865,7.5333795e-05
-19.700304,-19.73471,11.693089359318002,0.648198
-19.739296,-19.80369,11.870784279785731,0.7145681
-19.844343,-19.864702,11.69632202529452,4.927345e-05
-19.917229,-19.94842,11.711268327903142,0.70744395
-19.730854,-19.80005,11.832140563563778,0.495072
-19.781801,-19.838926,11.941464983097449,0.69156575
-19.794323,-19.845043,11.7800272020121,0.6477979
-20.540627,-20.56342,11.66190056973865,0.7291258
-19.864037,-19.914349,11.787111769162234,0.6470588
-20.11314,-20.161142,11.771582584677919,0.6052205
-19.461615,-19.523104,11.801646987000737,6.488907e-08
-19.780123,-19.851221,11.885885498603265,1.101698e-05
-19.720585,-19.77103,11.736552519335106,0.57373184
-19.817343,-19.859484,11.752792993616325,2.2287077e-08
-19.743597,-19.743473,11.624309247393924,0.0017562509
-19.726036,-19.781952,11.862604544297792,0.64810133
-20.269373,-20.320908,11.705072481902597,1.1678808e-05
-19.837975,-19.869078,11.708746134684006,9.54505e-09
-19.85355,-19.924118,11.955212416797007,0.7229267
-19.970043,-20.048319,11.829761110029505,1.9496522e-06
-20.519047,-20.553455,11.66705196846065,0.02238357
-19.825836,-19.907698,11.882727093878634,0.00507167
-19.40496,-19.483688,11.90639569126678,1.7025786e-05
-19.68534,-19.70026,11.626930591776313,0.110892594
-20.011723,-20.01102,11.596478705780445,0.00011943324
-19.84509,-19.87831,11.763103408479232,0.15865201
-19.89172,-19.900732,11.562674036185976,9.456208e-08
-20.560894,-20.597212,11.706048945348984,0.5823438
-20.39276,-20.437332,11.820432975598173,0.7250294
-19.629122,-19.685324,11.697706148835012,0.70036757
-19.704247,-19.777065,11.939419833761404,5.040056e-06
-19.699205,-19.711946,11.664711881959237,0.7439413
-19.954044,-20.005182,11.787111769162234,0.0022544563
-19.605488,-19.634436,11.732926413145023,0.008971512
-19.484072,-19.540504,11.77380814947506,0.64981776
-19.733376,-19.78312,11.731111115413508,0.043243468
-20.142368,-20.171331,11.763103408479232,0.21220082
-19.6923,-19.733097,11.70645085496603,2.5480706e-05
-19.533365,-19.587557,11.762656240593971,0.6691439
-20.371105,-20.419792,11.751894031875603,0.6280454
-20.133612,-20.166454,11.758850983216949,0.60877603
-20.123898,-20.147718,11.733833596014152,0.023542196
-19.941952,-19.989876,11.75683352220909,4.6487506e-07
-19.9072,-19.956512,11.642120563349557,0.6526101
-19.682549,-19.745106,11.87787410564219,0.7024301
-19.924868,-19.977757,11.936450517215484,0.59810716
-20.14654,-20.199913,11.802085885848182,0.0022539198
-20.044594,-20.120901,11.84141472144392,4.819827e-05
-19.898592,-19.955956,11.768462746382355,4.837542e-07
-19.580635,-19.66428,11.901601589936686,0.54295003
-19.856314,-19.878017,11.736269495359075,0.0006952882
-20.08508,-20.134758,11.867070295576253,0.57570493
-19.809708,-19.866985,11.87025411085023,0.7020656
-19.751629,-19.801926,11.832572909688382,8.825275e-08
-19.837708,-19.911802,11.894702031892923,8.907514e-08
-19.98392,-19.994072,11.71561749282957,0.6659269
-19.910591,-19.94394,11.652974495976085,0.71215796
-19.414812,-19.486422,11.972482188437032,5.7542366e-07
-19.843178,-19.89229,11.85043178032925,0.0008816719
-19.57722,-19.630148,11.877662915698805,0.6784012
-20.1613,-20.164835,11.803949983739596,0.8045149
-19.950212,-20.012253,11.787553713362005,0.67632145
-19.921652,-19.96394,11.738363138492232,0.7340378
-19.704643,-19.750866,11.676386756326279,0.0001269579
-19.6049,-19.627958,11.735646458533388,0.627318
-19.835684,-19.886274,11.857595069904992,0.6480931
-19.704336,-19.745766,11.671724260085407,0.69865626
-19.617426,-19.658657,11.759074981806256,0.5824095
-19.491339,-19.57787,11.915327082090986,0.68077505
-19.690624,-19.74302,11.823800377926556,0.6838563
-19.910437,-19.947306,11.773363209343895,0.66836816
-19.888288,-19.925396,11.633114068232429,0.33650452
-19.716581,-19.795206,11.900140050265449,0.007813424
-19.914457,-19.964775,11.654386380279199,0.5832447
-19.75137,-19.762383,11.589951709701376,0.7624434
-19.861446,-19.916424,11.830410326501822,0.015462697
-19.83824,-19.87429,11.818257499695228,1.0390522e-06
-19.613934,-19.6544,11.767124118212072,0.63637257
-19.66278,-19.678705,11.841199504537999,3.4032888e-07
-19.568737,-19.61323,11.77558685672249,1.3051148e-07
-20.135386,-20.185972,11.72883964946474,7.416939e-05
-19.454071,-19.512726,11.8546047022765,1.0750883e-08
-19.499193,-19.5566,11.826512172003621,0.7424738
-19.416107,-19.498865,11.867282774071404,0.6761499
-19.695415,-19.730902,11.712413642596516,0.66536456
-19.638302,-19.661913,11.664243695489521,1.4826212e-05
-19.822092,-19.865005,11.739154800398374,0.7031152
-19.771812,-19.87407,11.896638568701672,0.7623317
-19.849594,-19.892849,11.712413642596516,0.011186779
-20.017527,-20.057009,11.771582584677919,0.7129783
-19.576384,-19.613922,11.81128017381892,0.6530762
-19.726225,-19.777521,11.816951112734523,0.0075365603
-19.85373,-19.904724,11.866857996667429,0.73923314
-20.090288,-20.154577,11.78445778434503,0.70989454
-19.62937,-19.679245,11.925041903814185,0.13166007
-19.73789,-19.7885,11.778252137569456,1.7480187e-06
-19.857998,-19.898048,11.65626730456128,0.6447077
-19.43283,-19.509533,11.93121717234689,0.5652603
-19.607449,-19.647575,11.723834056930082,0.62990636
-19.634615,-19.69716,11.812590331759457,0.66134846
-19.755638,-19.825642,11.800769101510745,2.0912837e-05
-19.885452,-19.955263,11.780138092375452,0.1016835
-19.905037,-19.936756,11.751894031875603,0.025304466
-19.888943,-19.944887,11.845928302303978,0.6829455
-20.021894,-20.057434,11.758066739778211,0.8068768
-19.757544,-19.816317,11.74513955622879,2.3870969e-06
-19.492842,-19.571354,11.827270685079064,8.776976e-05
-20.128115,-20.180422,11.739720217018377,0.32738248
-19.675259,-19.722826,11.847645196259824,2.6139887e-06
-19.597351,-19.636744,11.768462746382355,1.8799085e-05
-19.710258,-19.781113,11.970671952199808,0.046105534
-19.52635,-19.59604,11.77380814947506,0.67886066
-19.588306,-19.65928,11.957341812743332,1.3629893e-09
-19.782024,-19.826141,11.726110800709272,0.7154464
-19.670431,-19.700127,11.756384989133924,0.66124344
-19.423422,-19.510931,11.861965682281253,3.440394e-06
-19.344671,-19.42041,11.929983728378607,0.6687772
-20.012058,-20.069176,11.835596458379644,9.420725e-08
-19.707994,-19.75012,11.76036282944836,0.11014426
-19.434538,-19.53787,12.043183554864774,0.7175801
-19.598753,-19.674765,11.965028263945982,0.7228862
-19.56786,-19.625738,11.813463248041632,2.41718e-06
-19.877234,-19.964008,11.867282774071404,0.0043068826
-19.370863,-19.455746,11.973286356546364,0.1607078
-19.317022,-19.403122,11.880829460720628,0.66745013
-19.885578,-19.977217,11.850860277022747,0.6438726
-19.532257,-19.588627,11.768016693020876,0.00074991584
-19.303398,-19.413855,12.008126073813871,0.7019533
-19.63635,-19.674463,11.862604544297792,0.62031406
-19.6513,-19.704351,11.80340184105281,0.000114955794
-19.585897,-19.639738,11.818475174048647,2.1870968e-05
-19.678225,-19.719627,11.829977647957714,0.022535741
-19.562595,-19.600725,11.721554842904924,0.026054889
-19.666332,-19.704742,11.683361698408667,0.0011315346
-19.45864,-19.538399,11.919157016318795,0.00017169118
-19.845726,-19.86523,11.699204317731894,0.7489218
-19.3675,-19.44086,11.91884668029773,6.555989e-07
-19.426466,-19.502007,11.808657375302081,2.0406924e-06
-19.420662,-19.49764,11.900140050265449,0.080194026
-19.814426,-19.850454,11.740398274464651,0.06487295
-19.405647,-19.48343,11.81128017381892,0.011019051
-19.577196,-19.652613,11.896376904765384,0.0004107654
